{"name":"88f66874-f559-4fdd-9005-2e5aef097640","id":"/providers/Microsoft.Flow/flows/88f66874-f559-4fdd-9005-2e5aef097640","type":"Microsoft.Flow/flows","properties":{"apiId":"/providers/Microsoft.PowerApps/apis/shared_logicflows","displayName":"Add_Template","definition":{"metadata":{"workflowEntityId":null,"processAdvisorMetadata":null,"flowChargedByPaygo":null,"migrationSourceId":"/subscriptions/414a7037-fa85-457b-a787-f61006f22e7b/resourceGroups/5bfdde848d2347bda6ef68c9b70b445c-default5bfdde848d2347bda6ef68c9b70b445c-env/providers/Microsoft.Logic/workflows/88f66874-f559-4fdd-9005-2e5aef097640-azshadow","flowclientsuspensionreason":"None","flowclientsuspensiontime":null,"flowclientsuspensionreasondetails":null,"creator":{"id":"1942d505-0a99-4dc5-813e-e483070231b2","type":"User","tenantId":"5bfdde84-8d23-47bd-a6ef-68c9b70b445c"},"provisioningMethod":"FromDefinition","failureAlertSubscription":true,"clientLastModifiedTime":"2025-11-18T04:35:44.0691777Z","clientCreatedTime":"2025-09-14T17:28:25.7318418Z","connectionKeySavedTimeKey":"2026-01-18T15:24:01.2738102Z","creationSource":null,"modifiedSources":"Portal"},"$schema":"https://schema.management.azure.com/providers/Microsoft.Logic/schemas/2016-06-01/workflowdefinition.json#","contentVersion":"1.0.0.0","parameters":{"$authentication":{"defaultValue":{},"type":"SecureObject"},"$connections":{"defaultValue":{},"type":"Object"}},"triggers":{"manual":{"metadata":{"operationMetadataId":"c38bce42-6cf5-4f6a-8472-93bd7bafa89e"},"type":"Request","kind":"PowerAppV2","inputs":{"schema":{"type":"object","properties":{"text":{"title":"ID_Product","type":"string","x-ms-dynamically-added":true,"description":"Please enter your input","x-ms-content-hint":"TEXT"}},"required":["text"]}}}},"actions":{"Get_items":{"runAfter":{},"metadata":{"operationMetadataId":"b46ca601-4483-4466-8fd4-ba11842f945e"},"type":"OpenApiConnection","inputs":{"parameters":{"dataset":"https://wellnessworldgroups.sharepoint.com/sites/AddProductDataCollectionProgram","table":"c1c695ec-2eaf-4ab5-b15f-536978079189","$filter":"OData__x0e2b__x0e21__x0e32__x0e22__x0e eq '@{triggerBody()['text']}'"},"host":{"apiId":"/providers/Microsoft.PowerApps/apis/shared_sharepointonline","connectionName":"shared_sharepointonline","operationId":"GetItems"},"authentication":{"value":"@json(decodeBase64(triggerOutputs().headers['X-MS-APIM-Tokens']))['$ConnectionKey']","type":"Raw"}}},"For_each":{"foreach":"@outputs('Get_items')?['body/value']","actions":{"Create_worksheet_IC":{"metadata":{"01LMPDYWS4BUUFVRYGFJDJOG6CTVLAARYL":"/Template/Template_Product.xlsx","tableId":null,"01LMPDYWTLZUFFVSLPGVCIGBZ3DS2PHZDQ":"/Template/Template_Product_ใช้งาน.xlsx"},"type":"OpenApiConnection","inputs":{"parameters":{"source":"sites/wellnessworldgroups.sharepoint.com,53888a8b-d79c-42a3-8986-61cae4c4afe0,a23d93df-8935-4f51-9b01-ff50c9316658","drive":"b!i4qIU5zXo0KJhmHK5MSv4N-TPaI1iVFPmwH_UMkxZlh0anIdZs47SZfkf48-hYt9","file":"01LMPDYWTLZUFFVSLPGVCIGBZ3DS2PHZDQ","body/name":"IC_@{items('For_each')?['OData__x0e2b__x0e21__x0e32__x0e22__x0e']}"},"host":{"apiId":"/providers/Microsoft.PowerApps/apis/shared_excelonlinebusiness","connectionName":"shared_excelonlinebusiness","operationId":"CreateWorksheet"},"authentication":{"value":"@json(decodeBase64(triggerOutputs().headers['X-MS-APIM-Tokens']))['$ConnectionKey']","type":"Raw"}}},"Create_table":{"runAfter":{"Create_worksheet_IC":["Succeeded"]},"metadata":{"01LMPDYWS4BUUFVRYGFJDJOG6CTVLAARYL":"/Template/Template_Product.xlsx","tableId":null,"01LMPDYWTLZUFFVSLPGVCIGBZ3DS2PHZDQ":"/Template/Template_Product_ใช้งาน.xlsx"},"type":"OpenApiConnection","inputs":{"parameters":{"source":"sites/wellnessworldgroups.sharepoint.com,53888a8b-d79c-42a3-8986-61cae4c4afe0,a23d93df-8935-4f51-9b01-ff50c9316658","drive":"b!i4qIU5zXo0KJhmHK5MSv4N-TPaI1iVFPmwH_UMkxZlh0anIdZs47SZfkf48-hYt9","file":"01LMPDYWTLZUFFVSLPGVCIGBZ3DS2PHZDQ","table/Range":"'@{outputs('Create_worksheet_IC')?['body/name']}'!A1","table/TableName":"ic_Template_@{items('For_each')?['OData__x0e2b__x0e21__x0e32__x0e22__x0e']}","table/ColumnsNames":"code;name_1;name_eng_1;name_eng_2;unit_type;tax_type;unit_cost;unit_standard;item_type;cost_type;item_status;update_price;update_detail;group_main;group_sub;account_code_1;account_code_2;account_code_3;account_code_4;sign_code;item_class;serial_no_format;use_expire\n"},"host":{"apiId":"/providers/Microsoft.PowerApps/apis/shared_excelonlinebusiness","connectionName":"shared_excelonlinebusiness","operationId":"CreateTable"},"authentication":{"value":"@json(decodeBase64(triggerOutputs().headers['X-MS-APIM-Tokens']))['$ConnectionKey']","type":"Raw"}}},"For_each_5":{"foreach":"@outputs('Get_items_2')?['body/value']","actions":{"Add_a_row_into_a_table_IC":{"metadata":{"01LMPDYWS4BUUFVRYGFJDJOG6CTVLAARYL":"/Template/Template_Product.xlsx","tableId":"ic_Template_@{items('For_each')?['OData__x0e2b__x0e21__x0e32__x0e22__x0e']}","01LMPDYWTLZUFFVSLPGVCIGBZ3DS2PHZDQ":"/Template/Template_Product_ใช้งาน.xlsx"},"type":"OpenApiConnection","inputs":{"parameters":{"source":"sites/wellnessworldgroups.sharepoint.com,53888a8b-d79c-42a3-8986-61cae4c4afe0,a23d93df-8935-4f51-9b01-ff50c9316658","drive":"b!i4qIU5zXo0KJhmHK5MSv4N-TPaI1iVFPmwH_UMkxZlh0anIdZs47SZfkf48-hYt9","file":"01LMPDYWTLZUFFVSLPGVCIGBZ3DS2PHZDQ","table":"ic_Template_@{items('For_each')?['OData__x0e2b__x0e21__x0e32__x0e22__x0e']}","item":{"code":"@{items('For_each_5')?['Title']}","name_1":"@{items('For_each_5')?['OData__x0e0a__x0e37__x0e48__x0e2d__x0e']}","name_eng_1":"","name_eng_2":"","unit_type":"@{if(equals(items('For_each')?['OData__x0e1b__x0e23__x0e30__x0e40__x0e0/Value'], 'หน่วยนับเดี่ยว'), 0, 1)}","tax_type":"@{if(equals(items('For_each')?['OData__x0e1b__x0e23__x0e30__x0e40__x0e1/Value'], 'ภาษีมูลค่าเพิ่ม'), 0, 1)}","unit_cost":"@{items('For_each')?['OData__x0e2b__x0e19__x0e48__x0e27__x0e']}","unit_standard":"@{items('For_each')?['OData__x0e2b__x0e19__x0e48__x0e27__x0e0']}","item_type":"@{if(equals(items('For_each')?['OData__x0e1b__x0e23__x0e30__x0e40__x0e/Value'], 'สินค้าทั่วไป'), 0, 1)}","cost_type":"@{if(equals(items('For_each')?['OData__x0e1b__x0e23__x0e30__x0e40__x0e2'], 'ต้นทุนเฉลี่ย'), 0, 1)}","item_status":"0","update_price":"1","update_detail":"1","group_main":"@{items('For_each')?['OData__x0e01__x0e25__x0e38__x0e48__x0e']}","group_sub":"@{items('For_each')?['OData__x0e01__x0e25__x0e38__x0e48__x0e0']}","account_code_1":"@{items('For_each')?['OData__x0e23__x0e2b__x0e31__x0e2a__x0e']}","account_code_2":"@{items('For_each')?['OData__x0e23__x0e2b__x0e31__x0e2a__x0e0']}","account_code_3":"@{items('For_each')?['OData__x0e23__x0e2b__x0e31__x0e2a__x0e1']}","account_code_4":"@{items('For_each')?['OData__x0e23__x0e2b__x0e31__x0e2a__x0e2']}","sign_code":"@{items('For_each')?['OData__x0e27__x0e31__x0e19__x0e1c__x0e/Value']}","item_class":"@{items('For_each')?['OData__x0e2b__x0e21__x0e27__x0e14_']}","serial_no_format":"@{items('For_each')?['OData__x0e40__x0e01__x0e13__x0e11__x0e']}","use_expire":"@{if(equals(items('For_each')?['OData__x0e43__x0e0a__x0e49__x0e23__x0e/Value'], 'No'), 0, 1)}"}},"host":{"apiId":"/providers/Microsoft.PowerApps/apis/shared_excelonlinebusiness","connectionName":"shared_excelonlinebusiness","operationId":"AddRowV2"},"authentication":{"value":"@json(decodeBase64(triggerOutputs().headers['X-MS-APIM-Tokens']))['$ConnectionKey']","type":"Raw"}}},"Add_a_row_into_a_table_Bar":{"runAfter":{"Add_a_row_into_a_table_IC":["Succeeded"]},"metadata":{"01LMPDYWS4BUUFVRYGFJDJOG6CTVLAARYL":"/Template/Template_Product.xlsx","tableId":"bar_Template_@{items('For_each')?['OData__x0e2b__x0e21__x0e32__x0e22__x0e']}","01LMPDYWTLZUFFVSLPGVCIGBZ3DS2PHZDQ":"/Template/Template_Product_ใช้งาน.xlsx"},"type":"OpenApiConnection","inputs":{"parameters":{"source":"sites/wellnessworldgroups.sharepoint.com,53888a8b-d79c-42a3-8986-61cae4c4afe0,a23d93df-8935-4f51-9b01-ff50c9316658","drive":"b!i4qIU5zXo0KJhmHK5MSv4N-TPaI1iVFPmwH_UMkxZlh0anIdZs47SZfkf48-hYt9","file":"01LMPDYWTLZUFFVSLPGVCIGBZ3DS2PHZDQ","table":"bar_Template_@{items('For_each')?['OData__x0e2b__x0e21__x0e32__x0e22__x0e']}","item":{"ic_code":"@{items('For_each_5')?['Title']}","barcode":"@{items('For_each_5')?['OData__x0e1a__x0e32__x0e23__x0e4c__x0e']}","unit_code":"@{items('For_each')?['OData__x0e2b__x0e19__x0e48__x0e27__x0e']}","price":"0","price_member":"0","STATUS":"1"}},"host":{"apiId":"/providers/Microsoft.PowerApps/apis/shared_excelonlinebusiness","connectionName":"shared_excelonlinebusiness","operationId":"AddRowV2"},"authentication":{"value":"@json(decodeBase64(triggerOutputs().headers['X-MS-APIM-Tokens']))['$ConnectionKey']","type":"Raw"}}},"Add_a_row_into_a_table_use":{"runAfter":{"Add_a_row_into_a_table_Bar":["Succeeded"]},"metadata":{"01LMPDYWS4BUUFVRYGFJDJOG6CTVLAARYL":"/Template/Template_Product.xlsx","tableId":"use_Template_@{items('For_each')?['OData__x0e2b__x0e21__x0e32__x0e22__x0e']}","01LMPDYWTLZUFFVSLPGVCIGBZ3DS2PHZDQ":"/Template/Template_Product_ใช้งาน.xlsx"},"type":"OpenApiConnection","inputs":{"parameters":{"source":"sites/wellnessworldgroups.sharepoint.com,53888a8b-d79c-42a3-8986-61cae4c4afe0,a23d93df-8935-4f51-9b01-ff50c9316658","drive":"b!i4qIU5zXo0KJhmHK5MSv4N-TPaI1iVFPmwH_UMkxZlh0anIdZs47SZfkf48-hYt9","file":"01LMPDYWTLZUFFVSLPGVCIGBZ3DS2PHZDQ","table":"use_Template_@{items('For_each')?['OData__x0e2b__x0e21__x0e32__x0e22__x0e']}","item":{"ic_code":"@{items('For_each_5')?['Title']}","code":"@{items('For_each')?['OData__x0e2b__x0e19__x0e48__x0e27__x0e']}","line_number":"0","stand_value":"@{items('For_each')?['OData__x0e25__x0e33__x0e14__x0e31__x0e0']}","divide_value":"@{items('For_each')?['OData__x0e25__x0e33__x0e14__x0e31__x0e1']}","ratio":"@{items('For_each')?['OData__x0e25__x0e33__x0e14__x0e31__x0e2']}","row_order":"0","status":"1"}},"host":{"apiId":"/providers/Microsoft.PowerApps/apis/shared_excelonlinebusiness","connectionName":"shared_excelonlinebusiness","operationId":"AddRowV2"},"authentication":{"value":"@json(decodeBase64(triggerOutputs().headers['X-MS-APIM-Tokens']))['$ConnectionKey']","type":"Raw"}}},"Condition_3":{"actions":{},"runAfter":{"Add_a_row_into_a_table_use":["Succeeded"]},"else":{"actions":{"Add_a_row_into_a_table_use_2":{"metadata":{"01LMPDYWS4BUUFVRYGFJDJOG6CTVLAARYL":"/Template/Template_Product.xlsx","tableId":"use_Template_@{items('For_each')?['OData__x0e2b__x0e21__x0e32__x0e22__x0e']}","01LMPDYWTLZUFFVSLPGVCIGBZ3DS2PHZDQ":"/Template/Template_Product_ใช้งาน.xlsx"},"type":"OpenApiConnection","inputs":{"parameters":{"source":"sites/wellnessworldgroups.sharepoint.com,53888a8b-d79c-42a3-8986-61cae4c4afe0,a23d93df-8935-4f51-9b01-ff50c9316658","drive":"b!i4qIU5zXo0KJhmHK5MSv4N-TPaI1iVFPmwH_UMkxZlh0anIdZs47SZfkf48-hYt9","file":"01LMPDYWTLZUFFVSLPGVCIGBZ3DS2PHZDQ","table":"use_Template_@{items('For_each')?['OData__x0e2b__x0e21__x0e32__x0e22__x0e']}","item":{"ic_code":"@{items('For_each_5')?['Title']}","code":"@{items('For_each')?['OData__x0e2b__x0e19__x0e48__x0e27__x0e']}","line_number":"1","stand_value":"@{items('For_each')?['OData__x0e25__x0e33__x0e14__x0e31__x0e4']}","divide_value":"@{items('For_each')?['OData__x0e25__x0e33__x0e14__x0e31__x0e5']}","ratio":"@{items('For_each')?['OData__x0e25__x0e33__x0e14__x0e31__x0e6']}","row_order":"0","status":"1"}},"host":{"apiId":"/providers/Microsoft.PowerApps/apis/shared_excelonlinebusiness","connectionName":"shared_excelonlinebusiness","operationId":"AddRowV2"},"authentication":{"value":"@json(decodeBase64(triggerOutputs().headers['X-MS-APIM-Tokens']))['$ConnectionKey']","type":"Raw"}}},"Condition_4":{"actions":{},"runAfter":{"Add_a_row_into_a_table_use_2":["Succeeded"]},"else":{"actions":{"Add_a_row_into_a_table_use_3":{"metadata":{"01LMPDYWS4BUUFVRYGFJDJOG6CTVLAARYL":"/Template/Template_Product.xlsx","tableId":"use_Template_@{items('For_each')?['OData__x0e2b__x0e21__x0e32__x0e22__x0e']}","01LMPDYWTLZUFFVSLPGVCIGBZ3DS2PHZDQ":"/Template/Template_Product_ใช้งาน.xlsx"},"type":"OpenApiConnection","inputs":{"parameters":{"source":"sites/wellnessworldgroups.sharepoint.com,53888a8b-d79c-42a3-8986-61cae4c4afe0,a23d93df-8935-4f51-9b01-ff50c9316658","drive":"b!i4qIU5zXo0KJhmHK5MSv4N-TPaI1iVFPmwH_UMkxZlh0anIdZs47SZfkf48-hYt9","file":"01LMPDYWTLZUFFVSLPGVCIGBZ3DS2PHZDQ","table":"use_Template_@{items('For_each')?['OData__x0e2b__x0e21__x0e32__x0e22__x0e']}","item":{"ic_code":"@{items('For_each_5')?['Title']}","code":"@{items('For_each')?['OData__x0e2b__x0e19__x0e48__x0e27__x0e']}","line_number":"2","stand_value":"@{items('For_each')?['OData__x0e25__x0e33__x0e14__x0e31__x0e8']}","divide_value":"@{items('For_each')?['OData__x0e25__x0e33__x0e14__x0e31__x0e9']}","ratio":"@{items('For_each')?['OData__x0e25__x0e33__x0e14__x0e31__x0e10']}","row_order":"0","status":"1"}},"host":{"apiId":"/providers/Microsoft.PowerApps/apis/shared_excelonlinebusiness","connectionName":"shared_excelonlinebusiness","operationId":"AddRowV2"},"authentication":{"value":"@json(decodeBase64(triggerOutputs().headers['X-MS-APIM-Tokens']))['$ConnectionKey']","type":"Raw"}}}}},"expression":{"and":[{"equals":["@empty(items('For_each')?['OData__x0e25__x0e33__x0e14__x0e31__x0e7'])",true]},{"equals":["@empty(items('For_each')?['OData__x0e25__x0e33__x0e14__x0e31__x0e8'])",true]},{"equals":["@empty(items('For_each')?['OData__x0e25__x0e33__x0e14__x0e31__x0e9'])",true]},{"equals":["@empty(items('For_each')?['OData__x0e25__x0e33__x0e14__x0e31__x0e10'])",true]}]},"type":"If"}}},"expression":{"and":[{"equals":["@empty(items('For_each')?['OData__x0e25__x0e33__x0e14__x0e31__x0e3'])",true]},{"equals":["@empty(items('For_each')?['OData__x0e25__x0e33__x0e14__x0e31__x0e4'])",true]},{"equals":["@empty(items('For_each')?['OData__x0e25__x0e33__x0e14__x0e31__x0e5'])",true]},{"equals":["@empty(items('For_each')?['OData__x0e25__x0e33__x0e14__x0e31__x0e6'])",true]}]},"type":"If"}},"runAfter":{"Create_table":["Succeeded"],"Create_table_1":["Succeeded"],"Create_table_2":["Succeeded"],"Create_table_3":["Succeeded"]},"type":"Foreach"},"Create_worksheet_bar":{"metadata":{"01LMPDYWS4BUUFVRYGFJDJOG6CTVLAARYL":"/Template/Template_Product.xlsx","tableId":null,"01LMPDYWTLZUFFVSLPGVCIGBZ3DS2PHZDQ":"/Template/Template_Product_ใช้งาน.xlsx"},"type":"OpenApiConnection","inputs":{"parameters":{"source":"sites/wellnessworldgroups.sharepoint.com,53888a8b-d79c-42a3-8986-61cae4c4afe0,a23d93df-8935-4f51-9b01-ff50c9316658","drive":"b!i4qIU5zXo0KJhmHK5MSv4N-TPaI1iVFPmwH_UMkxZlh0anIdZs47SZfkf48-hYt9","file":"01LMPDYWTLZUFFVSLPGVCIGBZ3DS2PHZDQ","body/name":"BAR_@{items('For_each')?['OData__x0e2b__x0e21__x0e32__x0e22__x0e']}"},"host":{"apiId":"/providers/Microsoft.PowerApps/apis/shared_excelonlinebusiness","connectionName":"shared_excelonlinebusiness","operationId":"CreateWorksheet"},"authentication":{"value":"@json(decodeBase64(triggerOutputs().headers['X-MS-APIM-Tokens']))['$ConnectionKey']","type":"Raw"}}},"Create_table_1":{"runAfter":{"Create_worksheet_bar":["Succeeded"]},"metadata":{"01LMPDYWS4BUUFVRYGFJDJOG6CTVLAARYL":"/Template/Template_Product.xlsx","tableId":null,"01LMPDYWTLZUFFVSLPGVCIGBZ3DS2PHZDQ":"/Template/Template_Product_ใช้งาน.xlsx"},"type":"OpenApiConnection","inputs":{"parameters":{"source":"sites/wellnessworldgroups.sharepoint.com,53888a8b-d79c-42a3-8986-61cae4c4afe0,a23d93df-8935-4f51-9b01-ff50c9316658","drive":"b!i4qIU5zXo0KJhmHK5MSv4N-TPaI1iVFPmwH_UMkxZlh0anIdZs47SZfkf48-hYt9","file":"01LMPDYWTLZUFFVSLPGVCIGBZ3DS2PHZDQ","table/Range":"'@{outputs('Create_worksheet_bar')?['body/name']}'!A1","table/TableName":"bar_Template_@{items('For_each')?['OData__x0e2b__x0e21__x0e32__x0e22__x0e']}","table/ColumnsNames":"ic_code;barcode;unit_code;price;price_member;STATUS\n"},"host":{"apiId":"/providers/Microsoft.PowerApps/apis/shared_excelonlinebusiness","connectionName":"shared_excelonlinebusiness","operationId":"CreateTable"},"authentication":{"value":"@json(decodeBase64(triggerOutputs().headers['X-MS-APIM-Tokens']))['$ConnectionKey']","type":"Raw"}}},"Create_worksheet_unit":{"metadata":{"01LMPDYWS4BUUFVRYGFJDJOG6CTVLAARYL":"/Template/Template_Product.xlsx","tableId":null,"01LMPDYWTLZUFFVSLPGVCIGBZ3DS2PHZDQ":"/Template/Template_Product_ใช้งาน.xlsx"},"type":"OpenApiConnection","inputs":{"parameters":{"source":"sites/wellnessworldgroups.sharepoint.com,53888a8b-d79c-42a3-8986-61cae4c4afe0,a23d93df-8935-4f51-9b01-ff50c9316658","drive":"b!i4qIU5zXo0KJhmHK5MSv4N-TPaI1iVFPmwH_UMkxZlh0anIdZs47SZfkf48-hYt9","file":"01LMPDYWTLZUFFVSLPGVCIGBZ3DS2PHZDQ","body/name":"UNIT_@{items('For_each')?['OData__x0e2b__x0e21__x0e32__x0e22__x0e']}"},"host":{"apiId":"/providers/Microsoft.PowerApps/apis/shared_excelonlinebusiness","connectionName":"shared_excelonlinebusiness","operationId":"CreateWorksheet"},"authentication":{"value":"@json(decodeBase64(triggerOutputs().headers['X-MS-APIM-Tokens']))['$ConnectionKey']","type":"Raw"}}},"Create_table_2":{"runAfter":{"Create_worksheet_unit":["Succeeded"]},"metadata":{"01LMPDYWS4BUUFVRYGFJDJOG6CTVLAARYL":"/Template/Template_Product.xlsx","tableId":null,"01LMPDYWTLZUFFVSLPGVCIGBZ3DS2PHZDQ":"/Template/Template_Product_ใช้งาน.xlsx"},"type":"OpenApiConnection","inputs":{"parameters":{"source":"sites/wellnessworldgroups.sharepoint.com,53888a8b-d79c-42a3-8986-61cae4c4afe0,a23d93df-8935-4f51-9b01-ff50c9316658","drive":"b!i4qIU5zXo0KJhmHK5MSv4N-TPaI1iVFPmwH_UMkxZlh0anIdZs47SZfkf48-hYt9","file":"01LMPDYWTLZUFFVSLPGVCIGBZ3DS2PHZDQ","table/Range":"'@{outputs('Create_worksheet_unit')?['body/name']}'!A1","table/TableName":"unit_Template_@{items('For_each')?['OData__x0e2b__x0e21__x0e32__x0e22__x0e']}","table/ColumnsNames":"code;name_1;status\n"},"host":{"apiId":"/providers/Microsoft.PowerApps/apis/shared_excelonlinebusiness","connectionName":"shared_excelonlinebusiness","operationId":"CreateTable"},"authentication":{"value":"@json(decodeBase64(triggerOutputs().headers['X-MS-APIM-Tokens']))['$ConnectionKey']","type":"Raw"}}},"Create_worksheet_use":{"metadata":{"01LMPDYWS4BUUFVRYGFJDJOG6CTVLAARYL":"/Template/Template_Product.xlsx","tableId":null,"01LMPDYWTLZUFFVSLPGVCIGBZ3DS2PHZDQ":"/Template/Template_Product_ใช้งาน.xlsx"},"type":"OpenApiConnection","inputs":{"parameters":{"source":"sites/wellnessworldgroups.sharepoint.com,53888a8b-d79c-42a3-8986-61cae4c4afe0,a23d93df-8935-4f51-9b01-ff50c9316658","drive":"b!i4qIU5zXo0KJhmHK5MSv4N-TPaI1iVFPmwH_UMkxZlh0anIdZs47SZfkf48-hYt9","file":"01LMPDYWTLZUFFVSLPGVCIGBZ3DS2PHZDQ","body/name":"USE_@{items('For_each')?['OData__x0e2b__x0e21__x0e32__x0e22__x0e']}"},"host":{"apiId":"/providers/Microsoft.PowerApps/apis/shared_excelonlinebusiness","connectionName":"shared_excelonlinebusiness","operationId":"CreateWorksheet"},"authentication":{"value":"@json(decodeBase64(triggerOutputs().headers['X-MS-APIM-Tokens']))['$ConnectionKey']","type":"Raw"}}},"Create_table_3":{"runAfter":{"Create_worksheet_use":["Succeeded"]},"metadata":{"01LMPDYWS4BUUFVRYGFJDJOG6CTVLAARYL":"/Template/Template_Product.xlsx","tableId":null,"01LMPDYWTLZUFFVSLPGVCIGBZ3DS2PHZDQ":"/Template/Template_Product_ใช้งาน.xlsx"},"type":"OpenApiConnection","inputs":{"parameters":{"source":"sites/wellnessworldgroups.sharepoint.com,53888a8b-d79c-42a3-8986-61cae4c4afe0,a23d93df-8935-4f51-9b01-ff50c9316658","drive":"b!i4qIU5zXo0KJhmHK5MSv4N-TPaI1iVFPmwH_UMkxZlh0anIdZs47SZfkf48-hYt9","file":"01LMPDYWTLZUFFVSLPGVCIGBZ3DS2PHZDQ","table/Range":"'@{outputs('Create_worksheet_use')?['body/name']}'!A1","table/TableName":"use_Template_@{items('For_each')?['OData__x0e2b__x0e21__x0e32__x0e22__x0e']}","table/ColumnsNames":"ic_code;code;line_number;stand_value;divide_value;ratio;row_order;status\n"},"host":{"apiId":"/providers/Microsoft.PowerApps/apis/shared_excelonlinebusiness","connectionName":"shared_excelonlinebusiness","operationId":"CreateTable"},"authentication":{"value":"@json(decodeBase64(triggerOutputs().headers['X-MS-APIM-Tokens']))['$ConnectionKey']","type":"Raw"}}},"Add_a_row_into_a_table_unit":{"runAfter":{"For_each_5":["Succeeded"]},"metadata":{"01LMPDYWS4BUUFVRYGFJDJOG6CTVLAARYL":"/Template/Template_Product.xlsx","tableId":"unit_Template_@{items('For_each')?['OData__x0e2b__x0e21__x0e32__x0e22__x0e']}","01LMPDYWTLZUFFVSLPGVCIGBZ3DS2PHZDQ":"/Template/Template_Product_ใช้งาน.xlsx"},"type":"OpenApiConnection","inputs":{"parameters":{"source":"sites/wellnessworldgroups.sharepoint.com,53888a8b-d79c-42a3-8986-61cae4c4afe0,a23d93df-8935-4f51-9b01-ff50c9316658","drive":"b!i4qIU5zXo0KJhmHK5MSv4N-TPaI1iVFPmwH_UMkxZlh0anIdZs47SZfkf48-hYt9","file":"01LMPDYWTLZUFFVSLPGVCIGBZ3DS2PHZDQ","table":"unit_Template_@{items('For_each')?['OData__x0e2b__x0e21__x0e32__x0e22__x0e']}","item":{"code":"@{items('For_each')?['OData__x0e2b__x0e19__x0e48__x0e27__x0e']}","name_1":"@{items('For_each')?['OData__x0e2b__x0e19__x0e48__x0e27__x0e']}","status":"1"}},"host":{"apiId":"/providers/Microsoft.PowerApps/apis/shared_excelonlinebusiness","connectionName":"shared_excelonlinebusiness","operationId":"AddRowV2"},"authentication":{"value":"@json(decodeBase64(triggerOutputs().headers['X-MS-APIM-Tokens']))['$ConnectionKey']","type":"Raw"}}}},"runAfter":{"Get_items_2":["Succeeded"]},"metadata":{"operationMetadataId":"b760c99f-c7b8-45fe-a508-140b73780046"},"type":"Foreach"},"Get_items_2":{"runAfter":{"Get_items":["Succeeded"]},"metadata":{"operationMetadataId":"918b0656-5562-47a7-9d75-5146081231e4"},"type":"OpenApiConnection","inputs":{"parameters":{"dataset":"https://wellnessworldgroups.sharepoint.com/sites/AddProductDataCollectionProgram","table":"c8f7d8be-d562-49c1-831f-0944150f5a62","$filter":"OData__x0e2b__x0e21__x0e32__x0e22__x0e eq '@{triggerBody()['text']}'"},"host":{"apiId":"/providers/Microsoft.PowerApps/apis/shared_sharepointonline","connectionName":"shared_sharepointonline","operationId":"GetItems"},"authentication":{"value":"@json(decodeBase64(triggerOutputs().headers['X-MS-APIM-Tokens']))['$ConnectionKey']","type":"Raw"}}}}},"connectionReferences":{"shared_sharepointonline":{"connectionName":"shared-sharepointonl-2833b431-84c8-4662-a152-bb6efd016269","source":"Invoker","id":"/providers/Microsoft.PowerApps/apis/shared_sharepointonline","tier":"NotSpecified","apiName":"sharepointonline","isProcessSimpleApiReferenceConversionAlreadyDone":false},"shared_excelonlinebusiness":{"connectionName":"shared-excelonlinebu-daad3577-52a4-479b-b304-007c97395fe1","source":"Invoker","id":"/providers/Microsoft.PowerApps/apis/shared_excelonlinebusiness","tier":"NotSpecified","apiName":"excelonlinebusiness","isProcessSimpleApiReferenceConversionAlreadyDone":false}},"flowFailureAlertSubscribed":false,"isManaged":false}}