{"name":"32c4b3c8-597c-4d9d-844e-f1b5411ee05d","id":"/providers/Microsoft.Flow/flows/32c4b3c8-597c-4d9d-844e-f1b5411ee05d","type":"Microsoft.Flow/flows","properties":{"apiId":"/providers/Microsoft.PowerApps/apis/shared_logicflows","displayName":"Power App Equipment loan approval process system","definition":{"metadata":{"workflowEntityId":null,"processAdvisorMetadata":null,"flowChargedByPaygo":null,"flowclientsuspensionreason":"None","flowclientsuspensiontime":null,"flowclientsuspensionreasondetails":null,"creator":{"id":"1942d505-0a99-4dc5-813e-e483070231b2","type":"User","tenantId":"5bfdde84-8d23-47bd-a6ef-68c9b70b445c"},"provisioningMethod":"FromDefinition","failureAlertSubscription":true,"clientLastModifiedTime":"2026-02-17T02:52:51.2197116Z","connectionKeySavedTimeKey":"2026-02-17T02:52:51.2197116Z","creationSource":"Portal","modifiedSources":"Portal"},"$schema":"https://schema.management.azure.com/providers/Microsoft.Logic/schemas/2016-06-01/workflowdefinition.json#","contentVersion":"1.0.0.0","parameters":{"$authentication":{"defaultValue":{},"type":"SecureObject"},"$connections":{"defaultValue":{},"type":"Object"}},"triggers":{"When_an_item_is_created":{"recurrence":{"frequency":"Minute","interval":1},"evaluatedRecurrence":{"frequency":"Minute","interval":1},"splitOn":"@triggerOutputs()?['body/value']","metadata":{"operationMetadataId":"55ef24f8-9cc6-427b-9875-f9f1a1ec72fa"},"type":"OpenApiConnection","inputs":{"parameters":{"dataset":"https://wellnessworldgroups.sharepoint.com/sites/AddProductDataCollectionProgram","table":"dd0c5bcf-a9fe-432f-a668-6e8430728440"},"host":{"apiId":"/providers/Microsoft.PowerApps/apis/shared_sharepointonline","connectionName":"shared_sharepointonline","operationId":"GetOnNewItems"},"authentication":"@parameters('$authentication')"}}},"actions":{"Start_and_wait_for_an_approval":{"runAfter":{"For_each_2":["Succeeded"]},"metadata":{"operationMetadataId":"aa48834c-eb87-42f1-aa90-0357d753a121"},"type":"OpenApiConnectionWebhook","inputs":{"parameters":{"approvalType":"Basic","WebhookApprovalCreationInput/title":"คำขอยืมอุปกรณ์จากแผนก IT Support เลขเอกสาร @{triggerBody()?['Loan_Document_Number']}","WebhookApprovalCreationInput/assignedTo":"@triggerBody()?['Approver_Email']","WebhookApprovalCreationInput/details":"ชื่อผู้ขอยืม @{triggerBody()?['Name']}\nบริษัท @{triggerBody()?['Company/Value']}\nตำแหน่ง @{triggerBody()?['Job_Position']}\nแผนก @{triggerBody()?['Department']}\nเบอร์โทรศัพท์ : @{triggerBody()?['Phone_Number']}\n\nเพื่อใช้งาน :\n@{triggerBody()?['For_Use']}\nสถานที่ใช้งาน : @{triggerBody()?['Place_Of_Use']}\nอุปกรณ์ที่ต้องการของยืม\n\n@{variables('EM_To_Be_BR')}\n\nยืมในวันที่ @{triggerBody()?['BR_On_Date']}\nคืนภายในวันที่ @{triggerBody()?['ER_Date']}","WebhookApprovalCreationInput/enableNotifications":true,"WebhookApprovalCreationInput/enableReassignment":true},"host":{"apiId":"/providers/Microsoft.PowerApps/apis/shared_approvals","connectionName":"shared_approvals","operationId":"StartAndWaitForAnApproval"},"authentication":"@parameters('$authentication')"}},"Initialize_variable":{"runAfter":{"Get_items":["Succeeded"]},"metadata":{"operationMetadataId":"1a2f6f96-9c8c-48e9-a851-92a6f899b8bb"},"type":"InitializeVariable","inputs":{"variables":[{"name":"EM_To_Be_BR","type":"string"}]}},"Condition":{"actions":{"Condition_1":{"actions":{"Create_a_task":{"metadata":{"operationMetadataId":"149c9e08-bccb-4d36-b2fe-423ba9b635c7"},"type":"OpenApiConnection","inputs":{"parameters":{"body/groupId":"b3c7701d-1649-4320-b2dd-02b3f5372882","body/planId":"Rj9qMcwRTkWQL3utlqhoH8kAB9xr","body/title":"@triggerBody()?['Loan_Document_Number']","body/bucketId":"t2Bh_b0aokyvmB4JKnNKJMkAIXkp","body/appliedCategories/category21":true},"host":{"apiId":"/providers/Microsoft.PowerApps/apis/shared_planner","connectionName":"shared_planner-1","operationId":"CreateTask_V4"},"authentication":"@parameters('$authentication')"}},"Update_task_details":{"runAfter":{"Create_a_task":["Succeeded"]},"metadata":{"operationMetadataId":"622d3148-df5d-41c0-9566-b028f5bf6444"},"type":"OpenApiConnection","inputs":{"parameters":{"id":"@outputs('Create_a_task')?['body/id']","body/description":"เลขที่เอกสาร @{triggerBody()?['Loan_Document_Number']}\n\nชื่อผู้ขอยืม @{triggerBody()?['Name']}\nบริษัท @{triggerBody()?['Company/Value']}\nตำแหน่ง @{triggerBody()?['Job_Position']}\nแผนก @{triggerBody()?['Department']}\nเบอร์โทรศัพท์ : @{triggerBody()?['Phone_Number']}\nชื่อผู้อนุมัติ : @{triggerBody()?['Approving_Position']}\nตำแหน่ง : @{triggerBody()?['Approving_Job']}\nอีเมลของผู้อนุมัติ : @{triggerBody()?['Approver_Email']}\n\nเพื่อใช้งาน :@{triggerBody()?['For_Use']}\n\nสถานที่ใช้งาน : @{triggerBody()?['Place_Of_Use']}\nอุปกรณ์ที่ต้องการของยืม\n\n@{variables('EM_To_Be_BR')}\n\nยืมในวันที่ @{triggerBody()?['BR_On_Date']}\nคืนภายในวันที่ @{triggerBody()?['ER_Date']}"},"host":{"apiId":"/providers/Microsoft.PowerApps/apis/shared_planner","connectionName":"shared_planner-1","operationId":"UpdateTaskDetails_V2"},"authentication":"@parameters('$authentication')"}},"Update_item":{"runAfter":{"Update_task_details":["Succeeded"]},"metadata":{"operationMetadataId":"8cc0ad48-8ab6-4e0a-8ba3-1969d89fbb95"},"type":"OpenApiConnection","inputs":{"parameters":{"dataset":"https://wellnessworldgroups.sharepoint.com/sites/AddProductDataCollectionProgram","table":"dd0c5bcf-a9fe-432f-a668-6e8430728440","id":"@triggerBody()?['ID']","item/Title":"@outputs('Create_a_task')?['body/id']","item/Approval_Status/Value":"Yes","item/Overall_status/Value":"รอยืมอุปกรณ์"},"host":{"apiId":"/providers/Microsoft.PowerApps/apis/shared_sharepointonline","connectionName":"shared_sharepointonline","operationId":"PatchItem"},"authentication":"@parameters('$authentication')"}},"Send_an_email_(V2)_1":{"runAfter":{"Update_item":["Succeeded"]},"metadata":{"operationMetadataId":"5fe9e63e-257d-4da1-b8e4-6cc5daad36e5"},"type":"OpenApiConnection","inputs":{"parameters":{"emailMessage/To":"@outputs('Update_item')?['body/Email_BR']","emailMessage/Subject":"🕐 คำขอยืมอุปกรณ์เลขที่ @{outputs('Update_item')?['body/Loan_Document_Number']} – รอฝ่าย IT ดำเนินการ","emailMessage/Body":"<p class=\"editor-paragraph\"><b><strong class=\"editor-text-bold\" style=\"font-size: 18px;\">แจ้งผลการพิจารณาคำขอยืมอุปกรณ์</strong></b><br>คำขอยืมอุปกรณ์ของท่าน ได้รับการอนุมัติเรียบร้อยแล้ว<br><br>สถานะปัจจุบัน: 🕒 รอฝ่าย IT ดำเนินการจัดเตรียมอุปกรณ์<br><br>ฝ่าย IT จะดำเนินการตรวจสอบและติดต่อกลับ<br>เมื่ออุปกรณ์พร้อมให้รับหรือใช้งาน</p>","emailMessage/Importance":"Normal"},"host":{"apiId":"/providers/Microsoft.PowerApps/apis/shared_office365","connectionName":"shared_office365-1","operationId":"SendEmailV2"},"authentication":"@parameters('$authentication')"}},"Post_card_in_a_chat_or_channel":{"runAfter":{"Send_an_email_(V2)_1":["Succeeded"]},"metadata":{"operationMetadataId":"60a355a4-493a-4455-8c0d-6e407af1ef94"},"type":"OpenApiConnection","inputs":{"parameters":{"poster":"Flow bot","location":"Group chat","body/recipient":"19:2095c9414bfe4690a8836ec438b45933@thread.v2","body/messageBody":"{\n  \"$schema\": \"http://adaptivecards.io/schemas/adaptive-card.json\",\n  \"type\": \"AdaptiveCard\",\n  \"version\": \"1.3\",\n  \"body\": [\n    {\n      \"type\": \"TextBlock\",\n      \"text\": \"🔔 มีคำขอยืมอุปกรณ์เลขที่ @{triggerBody()?['Loan_Document_Number']}\",\n      \"size\": \"Large\",\n      \"weight\": \"Bolder\"\n    },\n    {\n      \"type\": \"TextBlock\",\n      \"text\": \"บริษัท @{triggerBody()?['Company/Value']}\",\n      \"size\": \"Large\",\n      \"weight\": \"Bolder\"\n    },\n    {\n      \"type\": \"TextBlock\",\n      \"text\": \"ชื่อผู้ขอยืม @{triggerBody()?['Name']}\",\n    },\n    {\n      \"type\": \"TextBlock\",\n      \"text\": \"ตำแหน่ง @{triggerBody()?['Job_Position']}\"\n    },\n    {\n      \"type\": \"TextBlock\",\n      \"text\": \"แผนก @{triggerBody()?['Department']}\"\n    },\n    {\n      \"type\": \"TextBlock\",\n      \"text\": \"เบอรโทรศัพท์ : @{triggerBody()?['Phone_Number']}\"\n    },\n    {\n      \"type\": \"TextBlock\",\n      \"text\": \"ชื่อผู้อนุมัติ : @{triggerBody()?['EPY_EM_Loan_AP']}\"\n    },\n    {\n      \"type\": \"TextBlock\",\n      \"text\": \"ตำแหน่ง : @{triggerBody()?['Approving_Position']}\"\n    },\n{\n      \"type\": \"TextBlock\",\n      \"text\": \"เพื่อใช้งาน : @{triggerBody()?['For_Use']}\"\n    },\n{\n      \"type\": \"TextBlock\",\n      \"text\": \"สถานที่ใช้งาน : @{triggerBody()?['Place_Of_Use']}\"\n    },\n{\n      \"type\": \"TextBlock\",\n      \"text\": \"อุปกรณ์ที่ต้องการของยืม : \"\n    },\n{\n      \"type\": \"TextBlock\",\n      \"text\": \"@{variables('EM_To_Be_BR')}\"\n    },\n{\n      \"type\": \"TextBlock\",\n      \"text\": \"ยืมในวันที่ : @{triggerBody()?['BR_On_Date']}\"\n    },\n{\n      \"type\": \"TextBlock\",\n      \"text\": \"คืนภายในวันที่ : @{triggerBody()?['ER_Date']}\"\n    },\n    {\n      \"type\": \"ActionSet\",\n      \"actions\": [\n        {\n          \"type\": \"Action.OpenUrl\",\n          \"title\": \"เข้าตรวจสอบรายละเอียดใน Planner\",\n          \"url\": \"https://planner.cloud.microsoft/webui/v1/plan/Rj9qMcwRTkWQL3utlqhoH8kAB9xr/view/board/task/@{outputs('Create_a_task')?['body/id']}?tid=5bfdde84-8d23-47bd-a6ef-68c9b70b445c\"\n        }\n      ]\n    }\n  ]\n}"},"host":{"apiId":"/providers/Microsoft.PowerApps/apis/shared_teams","connectionName":"shared_teams-1","operationId":"PostCardToConversation"},"authentication":"@parameters('$authentication')"}}},"else":{"actions":{"Create_a_task_1":{"metadata":{"operationMetadataId":"149c9e08-bccb-4d36-b2fe-423ba9b635c7"},"type":"OpenApiConnection","inputs":{"parameters":{"body/groupId":"b3c7701d-1649-4320-b2dd-02b3f5372882","body/planId":"Rj9qMcwRTkWQL3utlqhoH8kAB9xr","body/title":"@{triggerBody()?['Loan_Document_Number']} - ยืมต่อ","body/bucketId":"t2Bh_b0aokyvmB4JKnNKJMkAIXkp","body/appliedCategories/category21":true},"host":{"apiId":"/providers/Microsoft.PowerApps/apis/shared_planner","connectionName":"shared_planner-1","operationId":"CreateTask_V4"},"authentication":"@parameters('$authentication')"}},"Update_task_details_1":{"runAfter":{"Create_a_task_1":["Succeeded"]},"metadata":{"operationMetadataId":"622d3148-df5d-41c0-9566-b028f5bf6444"},"type":"OpenApiConnection","inputs":{"parameters":{"id":"@outputs('Create_a_task_1')?['body/id']","body/description":"เลขที่เอกสาร @{triggerBody()?['Loan_Document_Number']}\nยืมต่อจากเลขที่เอกสาร @{triggerBody()?['Continuous_Loan_Document_Number']}\n\nชื่อผู้ขอยืม @{triggerBody()?['Name']}\nบริษัท @{triggerBody()?['Company/Value']}\nตำแหน่ง @{triggerBody()?['Job_Position']}\nแผนก @{triggerBody()?['Department']}\nเบอร์โทรศัพท์ : @{triggerBody()?['Phone_Number']}\nชื่อผู้อนุมัติ : @{triggerBody()?['Approving_Position']}\nตำแหน่ง : @{triggerBody()?['Approving_Job']}\nอีเมลของผู้อนุมัติ : @{triggerBody()?['Approver_Email']}\n\nเพื่อใช้งาน :@{triggerBody()?['For_Use']}\n\nสถานที่ใช้งาน : @{triggerBody()?['Place_Of_Use']}\nอุปกรณ์ที่ต้องการของยืม\n\n@{variables('EM_To_Be_BR')}\n\nยืมในวันที่ @{triggerBody()?['BR_On_Date']}\nคืนภายในวันที่ @{triggerBody()?['ER_Date']}"},"host":{"apiId":"/providers/Microsoft.PowerApps/apis/shared_planner","connectionName":"shared_planner-1","operationId":"UpdateTaskDetails_V2"},"authentication":"@parameters('$authentication')"}},"Update_item_3":{"runAfter":{"Update_task_details_1":["Succeeded"]},"metadata":{"operationMetadataId":"8cc0ad48-8ab6-4e0a-8ba3-1969d89fbb95"},"type":"OpenApiConnection","inputs":{"parameters":{"dataset":"https://wellnessworldgroups.sharepoint.com/sites/AddProductDataCollectionProgram","table":"dd0c5bcf-a9fe-432f-a668-6e8430728440","id":"@triggerBody()?['ID']","item/Title":"@outputs('Create_a_task_1')?['body/id']","item/Approval_Status/Value":"Yes","item/Overall_status/Value":"รอยืมอุปกรณ์"},"host":{"apiId":"/providers/Microsoft.PowerApps/apis/shared_sharepointonline","connectionName":"shared_sharepointonline","operationId":"PatchItem"},"authentication":"@parameters('$authentication')"}},"Send_an_email_(V2)_1_1":{"runAfter":{"Update_item_3":["Succeeded"]},"metadata":{"operationMetadataId":"5fe9e63e-257d-4da1-b8e4-6cc5daad36e5"},"type":"OpenApiConnection","inputs":{"parameters":{"emailMessage/To":"@triggerBody()?['Email_BR']","emailMessage/Subject":"🕐 คำขอยืมอุปกรณ์เลขที่ @{triggerBody()?['Loan_Document_Number']} ยืมต่อเนื่อง – รอฝ่าย IT ดำเนินการ","emailMessage/Body":"<p class=\"editor-paragraph\"><b><strong class=\"editor-text-bold\" style=\"font-size: 18px;\">แจ้งผลการพิจารณาคำขอยืมอุปกรณ์</strong></b><br>คำขอยืมอุปกรณ์ของท่าน ได้รับการอนุมัติเรียบร้อยแล้ว<br><br>สถานะปัจจุบัน: 🕒 รอฝ่าย IT ดำเนินการจัดเตรียมอุปกรณ์<br><br>ฝ่าย IT จะดำเนินการตรวจสอบและติดต่อกลับ<br>เมื่ออุปกรณ์พร้อมให้รับหรือใช้งาน</p>","emailMessage/Importance":"Normal"},"host":{"apiId":"/providers/Microsoft.PowerApps/apis/shared_office365","connectionName":"shared_office365-1","operationId":"SendEmailV2"},"authentication":"@parameters('$authentication')"}},"Post_card_in_a_chat_or_channel_1":{"runAfter":{"Send_an_email_(V2)_1_1":["Succeeded"]},"metadata":{"operationMetadataId":"60a355a4-493a-4455-8c0d-6e407af1ef94"},"type":"OpenApiConnection","inputs":{"parameters":{"poster":"Flow bot","location":"Group chat","body/recipient":"19:2095c9414bfe4690a8836ec438b45933@thread.v2","body/messageBody":"{\n  \"$schema\": \"http://adaptivecards.io/schemas/adaptive-card.json\",\n  \"type\": \"AdaptiveCard\",\n  \"version\": \"1.3\",\n  \"body\": [\n    {\n      \"type\": \"TextBlock\",\n      \"text\": \"🔀 มีคำขอยืมอุปกรณ์เลขที่ @{triggerBody()?['Loan_Document_Number']} - ยืมต่อเนื่อง\",\n      \"size\": \"Large\",\n      \"weight\": \"Bolder\"\n    },\n    {\n      \"type\": \"TextBlock\",\n      \"text\": \"ยืมต่อจากเลขที่เอกสาร @{triggerBody()?['Continuous_Loan_Document_Number']} \",\n      \"size\": \"Large\",\n      \"weight\": \"Bolder\"\n    },\n    {\n      \"type\": \"TextBlock\",\n      \"text\": \"บริษัท @{triggerBody()?['Company/Value']}\",\n      \"size\": \"Large\",\n      \"weight\": \"Bolder\"\n    },\n    {\n      \"type\": \"TextBlock\",\n      \"text\": \"ชื่อผู้ขอยืม @{triggerBody()?['Name']}\",\n    },\n    {\n      \"type\": \"TextBlock\",\n      \"text\": \"ตำแหน่ง @{triggerBody()?['Job_Position']}\"\n    },\n    {\n      \"type\": \"TextBlock\",\n      \"text\": \"แผนก @{triggerBody()?['Department']}\"\n    },\n    {\n      \"type\": \"TextBlock\",\n      \"text\": \"เบอรโทรศัพท์ : @{triggerBody()?['Phone_Number']}\"\n    },\n    {\n      \"type\": \"TextBlock\",\n      \"text\": \"ชื่อผู้อนุมัติ : @{triggerBody()?['EPY_EM_Loan_AP']}\"\n    },\n    {\n      \"type\": \"TextBlock\",\n      \"text\": \"ตำแหน่ง : @{triggerBody()?['Approving_Position']}\"\n    },\n{\n      \"type\": \"TextBlock\",\n      \"text\": \"เพื่อใช้งาน : @{triggerBody()?['For_Use']}\"\n    },\n{\n      \"type\": \"TextBlock\",\n      \"text\": \"สถานที่ใช้งาน : @{triggerBody()?['Place_Of_Use']}\"\n    },\n{\n      \"type\": \"TextBlock\",\n      \"text\": \"อุปกรณ์ที่ต้องการของยืม : \"\n    },\n{\n      \"type\": \"TextBlock\",\n      \"text\": \"@{variables('EM_To_Be_BR')}\"\n    },\n{\n      \"type\": \"TextBlock\",\n      \"text\": \"ยืมในวันที่ : @{triggerBody()?['BR_On_Date']}\"\n    },\n{\n      \"type\": \"TextBlock\",\n      \"text\": \"คืนภายในวันที่ : @{triggerBody()?['ER_Date']}\"\n    },\n    {\n      \"type\": \"ActionSet\",\n      \"actions\": [\n        {\n          \"type\": \"Action.OpenUrl\",\n          \"title\": \"เข้าตรวจสอบรายละเอียดใน Planner\",\n          \"url\": \"https://planner.cloud.microsoft/webui/v1/plan/Rj9qMcwRTkWQL3utlqhoH8kAB9xr/view/board/task/@{outputs('Create_a_task_1')?['body/id']}?tid=5bfdde84-8d23-47bd-a6ef-68c9b70b445c\"\n        }\n      ]\n    }\n  ]\n}"},"host":{"apiId":"/providers/Microsoft.PowerApps/apis/shared_teams","connectionName":"shared_teams-1","operationId":"PostCardToConversation"},"authentication":"@parameters('$authentication')"}}}},"expression":{"and":[{"equals":["@triggerBody()?['Document_Type/Value']","Regular_DCM"]}]},"type":"If"}},"runAfter":{"Start_and_wait_for_an_approval":["Succeeded"]},"else":{"actions":{"Update_item_1":{"runAfter":{"For_each_1":["Succeeded"]},"metadata":{"operationMetadataId":"b1e5c5f4-a73c-4705-9242-081a502197ab"},"type":"OpenApiConnection","inputs":{"parameters":{"dataset":"https://wellnessworldgroups.sharepoint.com/sites/AddProductDataCollectionProgram","table":"dd0c5bcf-a9fe-432f-a668-6e8430728440","id":"@triggerBody()?['ID']","item/Approval_Status/Value":"No","item/Note_RJ_Approvel":"@variables('Note_RJ_Approvel')","item/Overall_status/Value":"ปฏิเสธ (ผู้อนุมัติ)"},"host":{"apiId":"/providers/Microsoft.PowerApps/apis/shared_sharepointonline","connectionName":"shared_sharepointonline","operationId":"PatchItem"},"authentication":"@parameters('$authentication')"}},"For_each_1":{"foreach":"@outputs('Start_and_wait_for_an_approval')?['body/responses']","actions":{"Append_to_string_variable_1":{"metadata":{"operationMetadataId":"f36132cc-06b8-4358-a0ad-719a5ed0ba89"},"type":"AppendToStringVariable","inputs":{"name":"Note_RJ_Approvel","value":"@items('For_each_1')?['comments']"}}},"metadata":{"operationMetadataId":"369e083f-bae5-46c5-8c9c-12ca1a50da31"},"type":"Foreach"},"Send_an_email_(V2)":{"runAfter":{"Update_item_1":["Succeeded"]},"metadata":{"operationMetadataId":"3baf83df-93c9-4a43-8d89-3dbe0a88a695"},"type":"OpenApiConnection","inputs":{"parameters":{"emailMessage/To":"@outputs('Update_item_1')?['body/Email_BR']","emailMessage/Subject":"❌ ผลการพิจารณาคำขอยืมอุปกรณ์เลขที่ @{outputs('Update_item_1')?['body/Loan_Document_Number']}","emailMessage/Body":"<p class=\"editor-paragraph\">เรียน @{outputs('Update_item_1')?['body/Name']}<br><br>คำขอยืมอุปกรณ์เลขที่ @{outputs('Update_item_1')?['body/Loan_Document_Number']}<br>คุณ @{outputs('Update_item_1')?['body/EPY_EM_Loan_AP']} ได้พิจารณาคำขอยืมอุปกรณ์ของท่านแล้ว<br>และขอแจ้งว่า ยังไม่สามารถอนุมัติคำขอได้ในขณะนี้<br><br>เนื่องจาก :<br>@{variables('Note_RJ_Approvel')}<br><br>หากมีความจำเป็นเร่งด่วน<br>สามารถแก้ไขคำขอหรือสอบถามข้อมูลเพิ่มเติมกับทางหัวหน้าแผนกได้</p>","emailMessage/Importance":"High"},"host":{"apiId":"/providers/Microsoft.PowerApps/apis/shared_office365","connectionName":"shared_office365-1","operationId":"SendEmailV2"},"authentication":"@parameters('$authentication')"}},"Condition_2":{"actions":{"For_each":{"foreach":"@outputs('Get_items')?['body/value']","actions":{"Update_item_2":{"type":"OpenApiConnection","inputs":{"parameters":{"dataset":"https://wellnessworldgroups.sharepoint.com/sites/AddProductDataCollectionProgram","table":"68222f6b-a912-471c-aedc-b2872d44e8c5","id":"@items('For_each')?['ID']","item/Status/Value":"ว่าง","item/ID_ITB":"@null"},"host":{"apiId":"/providers/Microsoft.PowerApps/apis/shared_sharepointonline","connectionName":"shared_sharepointonline","operationId":"PatchItem"},"authentication":"@parameters('$authentication')"}}},"type":"Foreach"}},"runAfter":{"Update_item_1":["Succeeded"]},"else":{"actions":{}},"expression":{"and":[{"equals":["@triggerBody()?['Document_Type/Value']","Regular_DCM"]}]},"type":"If"},"For_each_4":{"foreach":"@outputs('Get_items_2')?['body/value']","actions":{"Update_item_5":{"type":"OpenApiConnection","inputs":{"parameters":{"dataset":"https://wellnessworldgroups.sharepoint.com/sites/AddProductDataCollectionProgram","table":"dd0c5bcf-a9fe-432f-a668-6e8430728440","id":"@items('For_each_4')?['ID']","item/Status_Continuous_Loan/Value":"No","item/Overall_status/Value":"ยืม"},"host":{"apiId":"/providers/Microsoft.PowerApps/apis/shared_sharepointonline","connectionName":"shared_sharepointonline","operationId":"PatchItem"},"authentication":"@parameters('$authentication')"}}},"runAfter":{"Get_items_2":["Succeeded"]},"type":"Foreach"},"Get_items_2":{"runAfter":{"For_each_1":["Succeeded"]},"type":"OpenApiConnection","inputs":{"parameters":{"dataset":"https://wellnessworldgroups.sharepoint.com/sites/AddProductDataCollectionProgram","table":"dd0c5bcf-a9fe-432f-a668-6e8430728440","$filter":"Loan_Document_Number eq '@{triggerBody()?['Borrowed_Documents']}'"},"host":{"apiId":"/providers/Microsoft.PowerApps/apis/shared_sharepointonline","connectionName":"shared_sharepointonline","operationId":"GetItems"},"authentication":"@parameters('$authentication')"}}}},"expression":{"and":[{"equals":["@outputs('Start_and_wait_for_an_approval')?['body/outcome']","Approve"]}]},"metadata":{"operationMetadataId":"24c4774d-d936-477a-9bed-42dda30cbb06"},"type":"If"},"Initialize_variable_1":{"runAfter":{"Initialize_variable":["Succeeded"]},"metadata":{"operationMetadataId":"c2a3c870-dd91-4f48-a650-7ae05b1dbe46"},"type":"InitializeVariable","inputs":{"variables":[{"name":"Note_RJ_Approvel","type":"string"}]}},"For_each_2":{"foreach":"@triggerOutputs()?['body']?['EM_To_Be_BR_1']","actions":{"Append_to_string_variable":{"metadata":{"operationMetadataId":"0b144c1a-a142-4444-b5dc-ef358f9d48d1"},"type":"AppendToStringVariable","inputs":{"name":"EM_To_Be_BR","value":"@{join(\n    array(\n        trim(replace(last(split(item()?['Value'], '(')), ')', ''))\n    ),\n    ', '\n)\n}\n"}}},"runAfter":{"Initialize_variable_1":["Succeeded"]},"metadata":{"operationMetadataId":"c43cf3fd-4027-4b17-bc33-c30dff3390df"},"type":"Foreach"},"Get_items":{"runAfter":{},"type":"OpenApiConnection","inputs":{"parameters":{"dataset":"https://wellnessworldgroups.sharepoint.com/sites/AddProductDataCollectionProgram","table":"68222f6b-a912-471c-aedc-b2872d44e8c5","$filter":"ID_ITB eq '@{triggerBody()?['Loan_Document_Number']}'"},"host":{"apiId":"/providers/Microsoft.PowerApps/apis/shared_sharepointonline","connectionName":"shared_sharepointonline","operationId":"GetItems"},"authentication":"@parameters('$authentication')"}}},"outputs":{}},"connectionReferences":{"shared_sharepointonline":{"connectionName":"shared-sharepointonl-2833b431-84c8-4662-a152-bb6efd016269","source":"Embedded","id":"/providers/Microsoft.PowerApps/apis/shared_sharepointonline","tier":"NotSpecified","apiName":"sharepointonline","isProcessSimpleApiReferenceConversionAlreadyDone":false},"shared_approvals":{"connectionName":"shared-approvals-4d3b2516-77b2-48ea-b469-8a3b6f767a22","source":"Embedded","id":"/providers/Microsoft.PowerApps/apis/shared_approvals","tier":"NotSpecified","apiName":"approvals","isProcessSimpleApiReferenceConversionAlreadyDone":false},"shared_planner-1":{"connectionName":"shared-planner-1ec8a146-b959-418c-8d3c-182ee0ed27d2","source":"Embedded","id":"/providers/Microsoft.PowerApps/apis/shared_planner","tier":"NotSpecified","apiName":"planner","isProcessSimpleApiReferenceConversionAlreadyDone":false},"shared_office365-1":{"connectionName":"shared-office365-0aa3414c-0910-4833-804a-2a16b9ef08f5","source":"Embedded","id":"/providers/Microsoft.PowerApps/apis/shared_office365","tier":"NotSpecified","apiName":"office365","isProcessSimpleApiReferenceConversionAlreadyDone":false},"shared_teams-1":{"connectionName":"shared-teams-17bba29f-a2b9-4191-903f-d06ab6f45447","source":"Embedded","id":"/providers/Microsoft.PowerApps/apis/shared_teams","tier":"NotSpecified","apiName":"teams","isProcessSimpleApiReferenceConversionAlreadyDone":false}},"flowFailureAlertSubscribed":false,"isManaged":false}}