{"name":"aaf4289d-639b-44ff-9fce-821f45d15aa6","id":"/providers/Microsoft.Flow/flows/aaf4289d-639b-44ff-9fce-821f45d15aa6","type":"Microsoft.Flow/flows","properties":{"apiId":"/providers/Microsoft.PowerApps/apis/shared_logicflows","displayName":"Check for duplicate entries in Excel and in the SharePoint system 1","definition":{"metadata":{"workflowEntityId":null,"processAdvisorMetadata":null,"flowChargedByPaygo":null,"flowclientsuspensionreason":"None","flowclientsuspensiontime":null,"flowclientsuspensionreasondetails":null,"creator":{"id":"1942d505-0a99-4dc5-813e-e483070231b2","type":"User","tenantId":"5bfdde84-8d23-47bd-a6ef-68c9b70b445c"},"provisioningMethod":"FromDefinition","failureAlertSubscription":true,"clientLastModifiedTime":"2025-11-22T07:08:45.4738633Z","connectionKeySavedTimeKey":"2026-01-15T23:10:00.9516838Z","creationSource":null,"modifiedSources":"Portal;PowerappsPpux"},"$schema":"https://schema.management.azure.com/providers/Microsoft.Logic/schemas/2016-06-01/workflowdefinition.json#","contentVersion":"1.0.0.0","parameters":{"$authentication":{"defaultValue":{},"type":"SecureObject"},"$connections":{"defaultValue":{},"type":"Object"}},"triggers":{"manual":{"metadata":{"operationMetadataId":"9fea4877-2312-4cd3-b0c7-46e31205e993"},"type":"Request","kind":"PowerAppV2","inputs":{"schema":{"type":"object","properties":{"number":{"title":"excelRecordID","type":"number","x-ms-dynamically-added":true,"description":"Please enter a number","x-ms-content-hint":"NUMBER"}},"required":["number"]}}}},"actions":{"Get_items":{"runAfter":{"Initialize_variable_column":["Succeeded"]},"metadata":{"operationMetadataId":"56f3ce97-c4b1-40ab-8cd5-2d29a442b602"},"type":"OpenApiConnection","inputs":{"parameters":{"dataset":"https://wellnessworldgroups.sharepoint.com/sites/AddProductDataCollectionProgram","table":"75c3d40e-637e-4524-9c45-61c894d7f914","$filter":"ID eq '@{triggerBody()['number']}'"},"host":{"apiId":"/providers/Microsoft.PowerApps/apis/shared_sharepointonline","connectionName":"shared_sharepointonline","operationId":"GetItems"},"authentication":{"value":"@json(decodeBase64(triggerOutputs().headers['X-MS-APIM-Tokens']))['$ConnectionKey']","type":"Raw"}}},"Apply_to_each":{"foreach":"@outputs('Get_items')?['body/value']","actions":{"Get_attachments":{"metadata":{"operationMetadataId":"8596dc98-6d9c-4c54-92be-ff277a546b33"},"type":"OpenApiConnection","inputs":{"parameters":{"dataset":"https://wellnessworldgroups.sharepoint.com/sites/AddProductDataCollectionProgram","table":"75c3d40e-637e-4524-9c45-61c894d7f914","itemId":"@items('Apply_to_each')?['ID']"},"host":{"apiId":"/providers/Microsoft.PowerApps/apis/shared_sharepointonline","connectionName":"shared_sharepointonline","operationId":"GetItemAttachments"},"authentication":{"value":"@json(decodeBase64(triggerOutputs().headers['X-MS-APIM-Tokens']))['$ConnectionKey']","type":"Raw"}}},"Get_attachment_content":{"runAfter":{"For_each":["Succeeded"]},"metadata":{"operationMetadataId":"533a10fe-ab2a-4299-bd3d-8d32a722891b"},"type":"OpenApiConnection","inputs":{"parameters":{"dataset":"https://wellnessworldgroups.sharepoint.com/sites/AddProductDataCollectionProgram","table":"75c3d40e-637e-4524-9c45-61c894d7f914","itemId":"@items('Apply_to_each')?['ID']","attachmentId":"@variables('ID_File_attachments')"},"host":{"apiId":"/providers/Microsoft.PowerApps/apis/shared_sharepointonline","connectionName":"shared_sharepointonline","operationId":"GetAttachmentContent"},"authentication":{"value":"@json(decodeBase64(triggerOutputs().headers['X-MS-APIM-Tokens']))['$ConnectionKey']","type":"Raw"}}},"For_each":{"foreach":"@outputs('Get_attachments')?['body']","actions":{"Append_to_string_variable":{"metadata":{"operationMetadataId":"5672473e-e60a-4491-af6f-9b8c67105609"},"type":"AppendToStringVariable","inputs":{"name":"ID_File_attachments","value":"@items('For_each')?['Id']"}}},"runAfter":{"Get_attachments":["Succeeded"]},"metadata":{"operationMetadataId":"1f996f3d-ba7d-4e36-9789-557b0186bf27"},"type":"Foreach"},"List_rows_present_in_a_table":{"runAfter":{"Create_file":["Succeeded"]},"metadata":{"01LMPDYWTAZGP3XWGGFJAJNLUUIDO7W3QL":"/ExcelProduct/Sample_Product_List.xlsx","tableId":"ProductTable","operationMetadataId":"fe71fc17-509e-436b-a150-959537815a62"},"type":"OpenApiConnection","inputs":{"parameters":{"source":"sites/wellnessworldgroups.sharepoint.com,53888a8b-d79c-42a3-8986-61cae4c4afe0,a23d93df-8935-4f51-9b01-ff50c9316658","drive":"b!i4qIU5zXo0KJhmHK5MSv4N-TPaI1iVFPmwH_UMkxZlh0anIdZs47SZfkf48-hYt9","file":"/ExcelProduct/@{outputs('Create_file')?['body/DisplayName']}","table":"ProductTable"},"host":{"apiId":"/providers/Microsoft.PowerApps/apis/shared_excelonlinebusiness","connectionName":"shared_excelonlinebusiness","operationId":"GetItems"},"authentication":{"value":"@json(decodeBase64(triggerOutputs().headers['X-MS-APIM-Tokens']))['$ConnectionKey']","type":"Raw"}}},"Create_file":{"runAfter":{"Get_attachment_content":["Succeeded"]},"metadata":{"operationMetadataId":"f2d84213-32e6-4979-9bb7-f981d7b39edb"},"type":"OpenApiConnection","inputs":{"parameters":{"dataset":"https://wellnessworldgroups.sharepoint.com/sites/AddProductDataCollectionProgram","folderPath":"/Shared Documents/ExcelProduct","name":"@{items('Apply_to_each')?['ID']}_@{items('Apply_to_each')?['OData__x0e2b__x0e21__x0e32__x0e22__x0e']}_Product.xlsx","body":"@body('Get_attachment_content')"},"host":{"apiId":"/providers/Microsoft.PowerApps/apis/shared_sharepointonline","connectionName":"shared_sharepointonline","operationId":"CreateFile"},"authentication":{"value":"@json(decodeBase64(triggerOutputs().headers['X-MS-APIM-Tokens']))['$ConnectionKey']","type":"Raw"}},"runtimeConfiguration":{"contentTransfer":{"transferMode":"Chunked"}}},"Get_items_1":{"runAfter":{"List_rows_present_in_a_table":["Succeeded"]},"metadata":{"operationMetadataId":"c847c0a3-3ce1-4398-9b66-c10726dd796d"},"type":"OpenApiConnection","inputs":{"parameters":{"dataset":"https://wellnessworldgroups.sharepoint.com/sites/AddProductDataCollectionProgram","table":"c1c695ec-2eaf-4ab5-b15f-536978079189","$filter":"OData__x0e2b__x0e21__x0e32__x0e22__x0e eq '@{items('Apply_to_each')?['OData__x0e2b__x0e21__x0e32__x0e22__x0e']}'"},"host":{"apiId":"/providers/Microsoft.PowerApps/apis/shared_sharepointonline","connectionName":"shared_sharepointonline","operationId":"GetItems"},"authentication":{"value":"@json(decodeBase64(triggerOutputs().headers['X-MS-APIM-Tokens']))['$ConnectionKey']","type":"Raw"}}},"Set_variable_Invalidtable":{"runAfter":{"List_rows_present_in_a_table":["Failed"]},"metadata":{"operationMetadataId":"4041ba35-6ca9-4397-9801-0e892a89ea48"},"type":"SetVariable","inputs":{"name":"Invalidtable","value":true}},"Condition_4":{"actions":{"For_each_Excel_Row":{"foreach":"@outputs('List_rows_present_in_a_table')?['body/value']","actions":{"Condition_1":{"actions":{"Set_variable_6":{"metadata":{"operationMetadataId":"0b0f4097-5d12-4439-ba9a-82cd3368efa8"},"type":"SetVariable","inputs":{"name":"isInternalDuplicateFound","value":true}}},"runAfter":{"Set_variable_5":["Succeeded"]},"else":{"actions":{"Condition_2":{"actions":{"Set_variable_7":{"metadata":{"operationMetadataId":"d13faaa0-da60-48e5-82c4-0e3b1c5031f5"},"type":"SetVariable","inputs":{"name":"isInternalDuplicateFound","value":true}}},"runAfter":{"Compose_varBarcode":["Succeeded"]},"else":{"actions":{"Append_to_array_variable_1":{"metadata":{"operationMetadataId":"a47f452f-0e10-4ece-82b8-aab7760ba61d"},"type":"AppendToArrayVariable","inputs":{"name":"varBarcodesSeen","value":"@{trim(string(coalesce(items('For_each_Excel_Row')?['Barcode'], '')))}\n"}}}},"expression":{"and":[{"equals":["@contains(variables('varBarcodesSeen'), variables('varBarcode'))",true]}]},"metadata":{"operationMetadataId":"0bef23fd-2317-46b3-9672-d8a992db4d24"},"type":"If"},"Append_to_array_variable":{"metadata":{"operationMetadataId":"17ed052c-b1ef-41d0-8df2-1b586e80d67a"},"type":"AppendToArrayVariable","inputs":{"name":"varProductCodesSeen","value":"@{trim(string(coalesce(items('For_each_Excel_Row')?['IDProduct'], '')))}\n"}},"Compose_varBarcodesSeen":{"runAfter":{"Append_to_array_variable":["Succeeded"]},"metadata":{"operationMetadataId":"7383ea34-2e23-47d9-83f2-53cbe106f34d"},"type":"Compose","inputs":"@variables('varBarcodesSeen')"},"Compose_varBarcode":{"runAfter":{"Compose_varBarcodesSeen":["Succeeded"]},"metadata":{"operationMetadataId":"086c7535-72f3-4e21-86fa-a5a73ead7ce0"},"type":"Compose","inputs":"@variables('varBarcode')"}}},"expression":{"and":[{"equals":["@contains(variables('varProductCodesSeen'), variables('varIDProduct'))",true]}]},"metadata":{"operationMetadataId":"be2065e5-792c-4a8a-98ed-cc115a38cc0b"},"type":"If"},"Set_variable_5":{"runAfter":{"Set_variable_4":["Succeeded"]},"metadata":{"operationMetadataId":"9524e10f-c021-4bf4-b251-6219828150e0"},"type":"SetVariable","inputs":{"name":"varBarcode","value":"@{items('For_each_Excel_Row')?['Barcode']\r\n}\n"}},"Set_variable_4":{"metadata":{"operationMetadataId":"56a584a1-efd9-4a51-8e42-df7c01ac82f2"},"type":"SetVariable","inputs":{"name":"varIDProduct","value":"@{items('For_each_Excel_Row')?['IDProduct']}\n"}}},"metadata":{"operationMetadataId":"3bd32a68-314e-4e92-bc82-41a29a00a0d8"},"type":"Foreach"},"Compose":{"runAfter":{"For_each_Excel_Row":["Succeeded"]},"metadata":{"operationMetadataId":"ba5c7865-4cd9-4a59-a28b-d65f9c7c9fb5"},"type":"Compose","inputs":"@variables('varProductCodesSeen')"},"Condition_3":{"actions":{"For_each_1":{"foreach":"@outputs('List_rows_present_in_a_table')?['body/value']","actions":{"Get_items_2":{"runAfter":{"Compose_Company":["Succeeded"]},"metadata":{"operationMetadataId":"379601bd-8d14-413a-9058-797395ddf728"},"type":"OpenApiConnection","inputs":{"parameters":{"dataset":"https://wellnessworldgroups.sharepoint.com/sites/AddProductDataCollectionProgram","table":"c8f7d8be-d562-49c1-831f-0944150f5a62","$filter":"(Title eq '@{outputs('Compose_ProductCode')}') or (OData__x0e1a__x0e32__x0e23__x0e4c__x0e eq '@{outputs('Compose_Barcode')}')"},"host":{"apiId":"/providers/Microsoft.PowerApps/apis/shared_sharepointonline","connectionName":"shared_sharepointonline","operationId":"GetItems"},"authentication":{"value":"@json(decodeBase64(triggerOutputs().headers['X-MS-APIM-Tokens']))['$ConnectionKey']","type":"Raw"}},"runtimeConfiguration":{"paginationPolicy":{"minimumItemCount":50000}}},"Filter_array":{"runAfter":{"For_each_2":["Succeeded"]},"metadata":{"operationMetadataId":"a4ace9d5-be2c-4689-b80e-db5ece58406b"},"type":"Query","inputs":{"from":"@outputs('Get_items_2')?['body/value']","where":"@and(\r\n  or(\r\n    equals(item()?['Title'], outputs('Compose_ProductCode')),\r\n    equals(item()?['OData__x0e1a__x0e32__x0e23__x0e4c__x0e'], outputs('Compose_Barcode'))\r\n  ),\r\n  equals(\r\n    item()?['Company/Value'],\r\n    outputs('Compose_Company')\r\n  )\r\n)"}},"Condition":{"actions":{"Set_variable":{"metadata":{"operationMetadataId":"1d917856-0d21-4a8b-b0d1-d33fee88452f"},"type":"SetVariable","inputs":{"name":"isDuplicateFound","value":true}}},"runAfter":{"Compose_3":["Succeeded"]},"else":{"actions":{}},"expression":{"and":[{"greater":["@length(body('Filter_array'))",0]}]},"metadata":{"operationMetadataId":"cb82c0cd-2b33-404d-97c1-4ce3686f0abf"},"type":"If"},"Compose_2":{"runAfter":{"Get_items_2":["Succeeded"]},"metadata":{"operationMetadataId":"bb002537-fd94-4638-baa6-dc3ca4be649b"},"type":"Compose","inputs":"@concat(\r\n  'Product Code: ', outputs('Compose_ProductCode'), ' | ',\r\n  'Barcode: ', outputs('Compose_Barcode'), ' | ',\r\n  'Company: ', outputs('Compose_Company')\r\n)"},"For_each_2":{"foreach":"@outputs('Get_items_2')?['body/value']","actions":{"Compose_1":{"metadata":{"operationMetadataId":"d32c997d-6314-4d6a-b95b-b4f73fde8f48"},"type":"Compose","inputs":"@{items('For_each_2')?['OData__x0e1a__x0e32__x0e23__x0e4c__x0e']} | @{outputs('Compose_Barcode')}"}},"runAfter":{"Compose_2":["Succeeded"]},"metadata":{"operationMetadataId":"f8f6bfe3-97bc-4fd4-9d22-68e4aeee49ce"},"type":"Foreach"},"Compose_3":{"runAfter":{"Filter_array":["Succeeded"]},"metadata":{"operationMetadataId":"4700eb23-ff58-4695-a595-70c9f4de6e75"},"type":"Compose","inputs":"@length(body('Filter_array'))"},"Compose_ProductCode":{"metadata":{"operationMetadataId":"fbdbfd38-bcab-4723-b6fa-89d576d9cd55"},"type":"Compose","inputs":"@items('For_each_1')?['IDProduct']"},"Compose_Barcode":{"runAfter":{"Compose_ProductCode":["Succeeded"]},"metadata":{"operationMetadataId":"f3397742-e9c6-4a7a-9da2-07ca43aa60f0"},"type":"Compose","inputs":"@items('For_each_1')?['Barcode']"},"Compose_Company":{"runAfter":{"Compose_Barcode":["Succeeded"]},"metadata":{"operationMetadataId":"4611efa2-91e9-49ef-972d-6ee39269d82c"},"type":"Compose","inputs":"@items('Apply_to_each')?['OData__x0e1a__x0e23__x0e34__x0e29__x0e']"}},"metadata":{"operationMetadataId":"b2696e14-04cb-46b9-a2f0-11e8359d746b"},"type":"Foreach","runtimeConfiguration":{"concurrency":{"repetitions":9}}}},"runAfter":{"Compose":["Succeeded"]},"else":{"actions":{}},"expression":{"and":[{"equals":["@variables('isInternalDuplicateFound')",false]}]},"metadata":{"operationMetadataId":"63b722a1-ce7a-4efa-a8d0-c2735c6ea610"},"type":"If"}},"runAfter":{"Compose_HasUnit":["Succeeded"]},"else":{"actions":{"Set_variable_column":{"metadata":{"operationMetadataId":"cffe878b-5f52-4f57-a09d-c2d93445eeae"},"type":"SetVariable","inputs":{"name":"column","value":true}}}},"expression":{"and":[{"equals":["@not(empty(outputs('Compose_FirstRow')?['IDProduct']))",true]},{"equals":["@not(empty(outputs('Compose_FirstRow')?['NameProduct']))",true]},{"equals":["@not(empty(outputs('Compose_FirstRow')?['Barcode']))",true]},{"equals":["@not(empty(outputs('Compose_FirstRow')?['Unit']))",true]}]},"metadata":{"operationMetadataId":"215bee27-e59d-45f8-86c4-b1bb4d3acc90"},"type":"If"},"Compose_FirstRow":{"runAfter":{"Get_items_1":["Succeeded"]},"metadata":{"operationMetadataId":"dfc47d1d-f870-42c3-ad95-09aa13b8bb47"},"type":"Compose","inputs":"@first(body('List_rows_present_in_a_table')?['value'])"},"Compose_HasIDProduct":{"runAfter":{"Compose_FirstRow":["Succeeded"]},"metadata":{"operationMetadataId":"5c86eb17-a990-4c2f-8aba-cfdc7e7f3f4c"},"type":"Compose","inputs":"@not(empty(outputs('Compose_FirstRow')?['IDProduct']))"},"Compose_HasNameProduct":{"runAfter":{"Compose_HasIDProduct":["Succeeded"]},"metadata":{"operationMetadataId":"08865b14-b1f8-462d-a56c-b3d7c70c42ba"},"type":"Compose","inputs":"@not(empty(outputs('Compose_FirstRow')?['NameProduct']))"},"Compose_HasBarcode":{"runAfter":{"Compose_HasNameProduct":["Succeeded"]},"metadata":{"operationMetadataId":"bdf46247-2dab-48fd-93db-10b820ede82c"},"type":"Compose","inputs":"@not(empty(outputs('Compose_FirstRow')?['Barcode']))"},"Compose_HasUnit":{"runAfter":{"Compose_HasBarcode":["Succeeded"]},"metadata":{"operationMetadataId":"df6f0bc1-369c-4006-8038-4d984e315220"},"type":"Compose","inputs":"@not(empty(outputs('Compose_FirstRow')?['Unit']))"},"Set_variable_1":{"runAfter":{"Create_file":["Failed"]},"metadata":{"operationMetadataId":"ef24f007-dbd3-4de2-8424-5e7ae4130a94"},"type":"SetVariable","inputs":{"name":"Invalidtable","value":true}}},"runAfter":{"Get_items":["Succeeded"]},"metadata":{"operationMetadataId":"5b6681d4-a75a-418b-85d2-0ae67945f86f"},"type":"Foreach"},"Initialize_variable":{"runAfter":{},"metadata":{"operationMetadataId":"2d382559-1c19-44ac-a4ff-0dc4e639d9aa"},"type":"InitializeVariable","inputs":{"variables":[{"name":"ID_File_attachments","type":"string"}]}},"Initialize_variable_1":{"runAfter":{"isInternalDuplicateFound":["Succeeded"]},"metadata":{"operationMetadataId":"1be44bb3-13c0-4f5a-8d17-22e81f2a531d"},"type":"InitializeVariable","inputs":{"variables":[{"name":"isDuplicateFound","type":"boolean","value":false}]}},"Respond_to_a_Power_App_or_flow":{"runAfter":{"Condition_5":["Succeeded","Failed"]},"metadata":{"operationMetadataId":"427b7165-be6e-4428-84ed-dd48727e01e2"},"type":"Response","kind":"PowerApp","inputs":{"schema":{"type":"object","properties":{"duplicate":{"title":"duplicate","x-ms-dynamically-added":true,"type":"boolean"},"duplicate1":{"title":"duplicate1","x-ms-dynamically-added":true,"type":"boolean"},"wrongschedule":{"title":"wrongschedule","x-ms-dynamically-added":true,"type":"boolean"},"checkcolumns":{"title":"checkcolumns","x-ms-dynamically-added":true,"type":"boolean"}},"additionalProperties":{}},"statusCode":200,"body":{"duplicate":"@variables('isDuplicateFound')","duplicate1":"@variables('isInternalDuplicateFound')","wrongschedule":"@variables('Invalidtable')","checkcolumns":"@variables('column')"}}},"Initialize_variable_2":{"runAfter":{"Initialize_variable_1":["Succeeded"]},"metadata":{"operationMetadataId":"9c5bb481-8ee1-4858-94b3-73b8e129fa93"},"type":"InitializeVariable","inputs":{"variables":[{"name":"varExcelItem","type":"object"}]}},"Initialize_variable_3":{"runAfter":{"Initialize_variable_2":["Succeeded"]},"metadata":{"operationMetadataId":"3dec4288-6fad-487e-9ad0-4bfd77fc4ff9"},"type":"InitializeVariable","inputs":{"variables":[{"name":"varSequenceNo","type":"string"}]}},"Initialize_variable_4":{"runAfter":{"Initialize_variable_3":["Succeeded"]},"metadata":{"operationMetadataId":"01ba8cb3-12ff-4ae8-b15a-4fe0125f9ccc"},"type":"InitializeVariable","inputs":{"variables":[{"name":"varIDProduct","type":"string"}]}},"Initialize_variable_5":{"runAfter":{"Initialize_variable_4":["Succeeded"]},"metadata":{"operationMetadataId":"ddc9561c-ec6a-483f-a70a-63864ec10f82"},"type":"InitializeVariable","inputs":{"variables":[{"name":"varBarcode","type":"string"}]}},"varProductCodesSeen":{"runAfter":{"Initialize_variable":["Succeeded"]},"metadata":{"operationMetadataId":"e03618a3-7799-4c20-b488-88ff27bebe31"},"type":"InitializeVariable","inputs":{"variables":[{"name":"varProductCodesSeen","type":"array"}]}},"varBarcodesSeen":{"runAfter":{"varProductCodesSeen":["Succeeded"]},"metadata":{"operationMetadataId":"a584216f-7f08-4c9b-9093-2096f5ab46a0"},"type":"InitializeVariable","inputs":{"variables":[{"name":"varBarcodesSeen","type":"array"}]}},"isInternalDuplicateFound":{"runAfter":{"varBarcodesSeen":["Succeeded"]},"metadata":{"operationMetadataId":"a4fa1828-8daf-4007-a0e6-c8672bcbaaab"},"type":"InitializeVariable","inputs":{"variables":[{"name":"isInternalDuplicateFound","type":"boolean","value":false}]}},"Initialize_variable_6":{"runAfter":{"Initialize_variable_5":["Succeeded"]},"metadata":{"operationMetadataId":"c837504b-de53-43a0-bc15-e3a149b2207f"},"type":"InitializeVariable","inputs":{"variables":[{"name":"varCompany","type":"string"}]}},"Initialize_variable_7":{"runAfter":{"Initialize_variable_6":["Succeeded"]},"metadata":{"operationMetadataId":"1ef180b8-9420-4744-9fd3-48376e6acf02"},"type":"InitializeVariable","inputs":{"variables":[{"name":"Invalidtable","type":"boolean","value":false}]}},"Initialize_variable_column":{"runAfter":{"Initialize_variable_7":["Succeeded"]},"metadata":{"operationMetadataId":"279f7bec-8c72-4d2a-9d57-f4b68a6b4707"},"type":"InitializeVariable","inputs":{"variables":[{"name":"column","type":"boolean","value":false}]}},"Condition_5":{"actions":{"For_each_3":{"foreach":"@outputs('Get_items')?['body/value']","actions":{"Update_item":{"metadata":{"operationMetadataId":"a75cb444-ea18-4377-83a6-ba0a95554c84"},"type":"OpenApiConnection","inputs":{"parameters":{"dataset":"https://wellnessworldgroups.sharepoint.com/sites/AddProductDataCollectionProgram","table":"75c3d40e-637e-4524-9c45-61c894d7f914","id":"@items('For_each_3')?['ID']","item/Status/Value":"Yes"},"host":{"apiId":"/providers/Microsoft.PowerApps/apis/shared_sharepointonline","connectionName":"shared_sharepointonline","operationId":"PatchItem"},"authentication":{"value":"@json(decodeBase64(triggerOutputs().headers['X-MS-APIM-Tokens']))['$ConnectionKey']","type":"Raw"}}}},"metadata":{"operationMetadataId":"76b8ee9e-e35c-49a7-ab38-87e9b8609bc1"},"type":"Foreach","runtimeConfiguration":{"concurrency":{"repetitions":20}}}},"runAfter":{"Apply_to_each":["Succeeded","Failed"]},"else":{"actions":{"For_each_3_1":{"foreach":"@outputs('Get_items')?['body/value']","actions":{"Update_item_1":{"metadata":{"operationMetadataId":"a75cb444-ea18-4377-83a6-ba0a95554c84"},"type":"OpenApiConnection","inputs":{"parameters":{"dataset":"https://wellnessworldgroups.sharepoint.com/sites/AddProductDataCollectionProgram","table":"75c3d40e-637e-4524-9c45-61c894d7f914","id":"@items('For_each_3_1')?['ID']","item/Status/Value":"No"},"host":{"apiId":"/providers/Microsoft.PowerApps/apis/shared_sharepointonline","connectionName":"shared_sharepointonline","operationId":"PatchItem"},"authentication":{"value":"@json(decodeBase64(triggerOutputs().headers['X-MS-APIM-Tokens']))['$ConnectionKey']","type":"Raw"}}}},"runAfter":{},"type":"Foreach","runtimeConfiguration":{"concurrency":{"repetitions":20}}}}},"expression":{"and":[{"equals":["@variables('Invalidtable')",false]},{"equals":["@variables('column')",false]},{"equals":["@variables('isInternalDuplicateFound')",false]},{"equals":["@variables('isDuplicateFound')",false]}]},"metadata":{"operationMetadataId":"4f59b762-5c40-4103-83de-03e74c650b13"},"type":"If"}}},"connectionReferences":{"shared_sharepointonline":{"connectionName":"shared-sharepointonl-2833b431-84c8-4662-a152-bb6efd016269","source":"Invoker","id":"/providers/Microsoft.PowerApps/apis/shared_sharepointonline","tier":"NotSpecified","apiName":"sharepointonline","isProcessSimpleApiReferenceConversionAlreadyDone":false},"shared_excelonlinebusiness":{"connectionName":"shared-excelonlinebu-daad3577-52a4-479b-b304-007c97395fe1","source":"Invoker","id":"/providers/Microsoft.PowerApps/apis/shared_excelonlinebusiness","tier":"NotSpecified","apiName":"excelonlinebusiness","isProcessSimpleApiReferenceConversionAlreadyDone":false}},"flowFailureAlertSubscribed":false,"isManaged":false}}