{"name":"224e03c1-394c-4dcc-abc4-d59988e3c34e","id":"/providers/Microsoft.Flow/flows/224e03c1-394c-4dcc-abc4-d59988e3c34e","type":"Microsoft.Flow/flows","properties":{"apiId":"/providers/Microsoft.PowerApps/apis/shared_logicflows","displayName":"Check The Product Addition From The Supervisor","definition":{"metadata":{"workflowEntityId":null,"processAdvisorMetadata":null,"flowChargedByPaygo":null,"migrationSourceId":"/subscriptions/414a7037-fa85-457b-a787-f61006f22e7b/resourceGroups/5bfdde848d2347bda6ef68c9b70b445c-default5bfdde848d2347bda6ef68c9b70b445c-env/providers/Microsoft.Logic/workflows/224e03c1-394c-4dcc-abc4-d59988e3c34e-azshadow","flowclientsuspensionreason":"None","flowclientsuspensiontime":null,"flowclientsuspensionreasondetails":null,"creator":{"id":"1942d505-0a99-4dc5-813e-e483070231b2","type":"User","tenantId":"5bfdde84-8d23-47bd-a6ef-68c9b70b445c"},"provisioningMethod":"FromDefinition","failureAlertSubscription":true,"clientLastModifiedTime":"2025-10-14T06:22:45.4455746Z","clientCreatedTime":"2025-09-14T17:30:56.7697547Z","connectionKeySavedTimeKey":"2026-01-16T08:23:15.6920231Z","creationSource":"Portal","modifiedSources":"Portal"},"$schema":"https://schema.management.azure.com/providers/Microsoft.Logic/schemas/2016-06-01/workflowdefinition.json#","contentVersion":"1.0.0.0","parameters":{"$authentication":{"defaultValue":{},"type":"SecureObject"},"$connections":{"defaultValue":{},"type":"Object"}},"triggers":{"When_a_task_is_completed":{"recurrence":{"frequency":"Minute","interval":1},"evaluatedRecurrence":{"frequency":"Minute","interval":1},"splitOn":"@triggerOutputs()?['body/value']","type":"OpenApiConnection","inputs":{"parameters":{"groupId":"ccb18710-1c1c-404a-a7b6-a05b97e17405","id":"MR_EIOad8kSOlfl03RC8fckAFINu"},"host":{"apiId":"/providers/Microsoft.PowerApps/apis/shared_planner","connectionName":"shared_planner","operationId":"OnCompleteTask_V3"},"authentication":"@parameters('$authentication')"}}},"actions":{"Get_items":{"runAfter":{},"type":"OpenApiConnection","inputs":{"parameters":{"dataset":"https://wellnessworldgroups.sharepoint.com/sites/AddProductDataCollectionProgram","table":"c1c695ec-2eaf-4ab5-b15f-536978079189","$filter":"ID_Planner_Head eq '@{triggerOutputs()?['body/id']}'"},"host":{"apiId":"/providers/Microsoft.PowerApps/apis/shared_sharepointonline","connectionName":"shared_sharepointonline","operationId":"GetItems"},"authentication":"@parameters('$authentication')"}},"For_each":{"foreach":"@outputs('Get_items')?['body/value']","actions":{"For_each_1":{"foreach":"@outputs('Get_items_1')?['body/value']","actions":{"Update_item_1":{"type":"OpenApiConnection","inputs":{"parameters":{"dataset":"https://wellnessworldgroups.sharepoint.com/sites/AddProductDataCollectionProgram","table":"c8f7d8be-d562-49c1-831f-0944150f5a62","id":"@items('For_each_1')?['ID']","item/OData__x0e2a__x0e16__x0e32__x0e19__x0e0/Value":"ตรวจสอบแล้ว"},"host":{"apiId":"/providers/Microsoft.PowerApps/apis/shared_sharepointonline","connectionName":"shared_sharepointonline","operationId":"PatchItem"},"authentication":"@parameters('$authentication')"}},"Add_a_row_into_a_table":{"runAfter":{"Update_item_1":["Succeeded"]},"metadata":{"016TI5KLIQ4WK4EYXYENH3IOP4OPOJNABW":"/งานทั่วไปแผนกไอที/KPI ตารางคุมระบบเพิ่มรหัสสินค้า.xlsx","tableId":"{7497D40B-73BC-47BA-A729-7E1742DE8BB2}"},"type":"OpenApiConnection","inputs":{"parameters":{"source":"groups/b3c7701d-1649-4320-b2dd-02b3f5372882","drive":"b!NRJszLbv-0uyuqs6v78lnItZc-tQRPFEniuY6pyUoXGc89YMKtdjS4HHJ6l9yQqX","file":"016TI5KLIQ4WK4EYXYENH3IOP4OPOJNABW","table":"{7497D40B-73BC-47BA-A729-7E1742DE8BB2}","item/ชื่อเอกสาร":"@items('For_each_1')?['OData__x0e2b__x0e21__x0e32__x0e22__x0e']","item/ชื่อผู้สั่งงาน":"@items('For_each')?['OData__x0e1c__x0e39__x0e49__x0e02__x0e']","item/บริษัท":"@items('For_each')?['OData__x0e1a__x0e23__x0e34__x0e29__x0e/Value']","item/แผนก":"@items('For_each')?['OData__x0e41__x0e1c__x0e19__x0e01_']","item/รหัสสินค้า":"@items('For_each_1')?['Title']","item/ชื่อสินค้า":"@items('For_each_1')?['OData__x0e0a__x0e37__x0e48__x0e2d__x0e']","item/ไฟล์แนบ":"@variables('Create_file_ID')","item/วันที่สั่งงาน":"@items('For_each')?['CreatedOn']","item/เวลาที่สั่งงาน":"@items('For_each')?['Time']","item/ชื่อผู้ดำเนินการปฎิบัติงาน":"@items('For_each_1')?['OData__x0e25__x0e07__x0e0a__x0e37__x0e']","item/วันที่ปฏิบัติงาน":"@items('For_each_1')?['OData__x0e27__x0e31__x0e19__x0e17__x0e']","item/เวลาที่ปฏิบัติงาน":"@items('For_each_1')?['Time_IT_Product']","item/วันที่เสร็จงาน":"@items('For_each')?['OData__x0e27__x0e31__x0e19__x0e17__x0e1']","item/เวลาที่เสร็จงาน":"@items('For_each')?['Time_IT']","item/ผู้ตรวจสอบ":"@variables('Name of IT Department Head')"},"host":{"apiId":"/providers/Microsoft.PowerApps/apis/shared_excelonlinebusiness","connectionName":"shared_excelonlinebusiness","operationId":"AddRowV2"},"authentication":"@parameters('$authentication')"}}},"runAfter":{"Update_item_2":["Succeeded"]},"type":"Foreach"},"For_each_2":{"foreach":"@triggerOutputs()?['body/_assignments']","actions":{"Get_user_profile_(V2)":{"type":"OpenApiConnection","inputs":{"parameters":{"id":"@item()?['userId']"},"host":{"apiId":"/providers/Microsoft.PowerApps/apis/shared_office365users","connectionName":"shared_office365users","operationId":"UserProfile_V2"},"authentication":"@parameters('$authentication')"}},"Append_to_string_variable":{"runAfter":{"Get_user_profile_(V2)":["Succeeded"]},"type":"AppendToStringVariable","inputs":{"name":"Name of IT Department Head","value":"@outputs('Get_user_profile_(V2)')?['body/displayName']"}}},"runAfter":{"For_each_4":["Succeeded"]},"type":"Foreach"},"Get_attachment_content":{"runAfter":{"For_each_2":["Succeeded"]},"type":"OpenApiConnection","inputs":{"parameters":{"dataset":"https://wellnessworldgroups.sharepoint.com/sites/AddProductDataCollectionProgram","table":"c1c695ec-2eaf-4ab5-b15f-536978079189","itemId":"@items('For_each')?['ID']","attachmentId":"@variables('IDAttachments')"},"host":{"apiId":"/providers/Microsoft.PowerApps/apis/shared_sharepointonline","connectionName":"shared_sharepointonline","operationId":"GetAttachmentContent"},"authentication":"@parameters('$authentication')"}},"Get_attachments":{"type":"OpenApiConnection","inputs":{"parameters":{"dataset":"https://wellnessworldgroups.sharepoint.com/sites/AddProductDataCollectionProgram","table":"c1c695ec-2eaf-4ab5-b15f-536978079189","itemId":"@items('For_each')?['ID']"},"host":{"apiId":"/providers/Microsoft.PowerApps/apis/shared_sharepointonline","connectionName":"shared_sharepointonline","operationId":"GetItemAttachments"},"authentication":"@parameters('$authentication')"}},"For_each_4":{"foreach":"@outputs('Get_attachments')?['body']","actions":{"Append_to_string_variable_1":{"type":"AppendToStringVariable","inputs":{"name":"IDAttachments","value":"@items('For_each_4')?['Id']"}}},"runAfter":{"Get_attachments":["Succeeded"]},"type":"Foreach"},"Switch":{"runAfter":{"Get_items_1":["Succeeded"]},"cases":{"Case":{"case":"WellD Products Public Co.,Ltd.","actions":{"Populate_a_Microsoft_Word_template":{"metadata":{"01LMPDYWT74UUXAMQFUNBL6CHL37EMKJHB":"/AddProductITAll/PM44_WD.docx"},"type":"OpenApiConnection","inputs":{"parameters":{"source":"sites/wellnessworldgroups.sharepoint.com,53888a8b-d79c-42a3-8986-61cae4c4afe0,a23d93df-8935-4f51-9b01-ff50c9316658","drive":"b!i4qIU5zXo0KJhmHK5MSv4N-TPaI1iVFPmwH_UMkxZlh0anIdZs47SZfkf48-hYt9","file":"/AddProductITAll/@{items('For_each')?['Full_Document_File_Name']}","dynamicFileSchema":{"369970823":"Panya kamphila","1235517280":"@{variables('Name of IT Department Head')}","-2108498561":"@{variables('Time IT Department Head')}","-536436991":"@{variables('Time IT Department Head')}"}},"host":{"apiId":"/providers/Microsoft.PowerApps/apis/shared_wordonlinebusiness","connectionName":"shared_wordonlinebusiness","operationId":"CreateFileItem"},"authentication":"@parameters('$authentication')"}},"Create_file":{"runAfter":{"Populate_a_Microsoft_Word_template":["Succeeded"]},"type":"OpenApiConnection","inputs":{"parameters":{"dataset":"https://wellnessworldgroups.sharepoint.com/sites/AddProductDataCollectionProgram","folderPath":"/Shared Documents/AddProductAll_Checked","name":"@{items('For_each')?['OData__x0e2b__x0e21__x0e32__x0e22__x0e']}_WD_CH.docx","body":"@body('Populate_a_Microsoft_Word_template')"},"host":{"apiId":"/providers/Microsoft.PowerApps/apis/shared_sharepointonline","connectionName":"shared_sharepointonline","operationId":"CreateFile"},"authentication":"@parameters('$authentication')"},"runtimeConfiguration":{"contentTransfer":{"transferMode":"Chunked"}}},"Compose":{"runAfter":{"Create_file":["Succeeded"]},"type":"Compose","inputs":"%252fShared%2bDocuments%252fAddProductAll_Checked%252f@{items('For_each')?['OData__x0e2b__x0e21__x0e32__x0e22__x0e']}_WD_CH.docx"},"Get_file_content":{"runAfter":{"Compose":["Succeeded"]},"type":"OpenApiConnection","inputs":{"parameters":{"dataset":"https://wellnessworldgroups.sharepoint.com/sites/AddProductDataCollectionProgram","id":"@outputs('Compose')","inferContentType":true},"host":{"apiId":"/providers/Microsoft.PowerApps/apis/shared_sharepointonline","connectionName":"shared_sharepointonline","operationId":"GetFileContent"},"authentication":"@parameters('$authentication')"}},"Convert_Word_to_PDF":{"runAfter":{"Get_file_content":["Succeeded"]},"type":"OpenApiConnection","inputs":{"parameters":{"inputFileName":"@outputs('Create_file')?['body/DisplayName']","InputFile0/body":"@body('Get_file_content')","x-region-value":"-ue1"},"host":{"apiId":"/providers/Microsoft.PowerApps/apis/shared_adobepdftools","connectionName":"shared_adobepdftools","operationId":"CreatePDFFromWord"},"authentication":"@parameters('$authentication')"}},"Generate_document_from_Word_template":{"runAfter":{"Convert_Word_to_PDF":["Succeeded"]},"type":"OpenApiConnection","inputs":{"parameters":{"inputFileName":"file.docx","jsonStringForMerge":"{\n  \"วันที่\": \"@{formatDateTime(items('For_each')?['CreatedOn'], 'dd/MM/yyyy')}\",\n  \"ผู้ขอใช้บริการ\": \"@{items('For_each')?['OData__x0e1c__x0e39__x0e49__x0e02__x0e']}\",\n  \"หน่วยงาน\": \"@{items('For_each')?['OData__x0e15__x0e33__x0e41__x0e2b__x0e']}\",\n  \"รายละเอียดสินค้า/บริการ/ทรัพย์สิน\": \"\",\n  \"ชื่อสินค้า\": \"@{items('For_each')?['OData__x0e0a__x0e37__x0e48__x0e2d__x0e']}\",\n  \"ประเภทสินค้า\": \"@{items('For_each')?['OData__x0e1b__x0e23__x0e30__x0e40__x0e/Value']}\",\n  \"ประเภทหน่วยนับ\": \"@{items('For_each')?['OData__x0e1b__x0e23__x0e30__x0e40__x0e0/Value']}\",\n  \"เกณฑ์อายุสินค้า จำนวนวัน\": \"@{items('For_each')?['OData__x0e40__x0e01__x0e13__x0e11__x0e']}\",\n  \"หน่วยต้นทุน : ระบุ\": \"@{items('For_each')?['OData__x0e2b__x0e19__x0e48__x0e27__x0e']}\",\n  \"หน่วยยอดคงเหลือ\": \"@{items('For_each')?['OData__x0e2b__x0e19__x0e48__x0e27__x0e0']}\",\n  \"วันผลิต\": \"@{items('For_each')?['OData__x0e27__x0e31__x0e19__x0e1c__x0e/Value']}\",\n  \"สะสมแต้ม\": \"@{items('For_each')?['OData__x0e2a__x0e30__x0e2a__x0e21__x0e/Value']}\",\n  \"ใช้ระบบหมดอายุ\": \"@{items('For_each')?['OData__x0e43__x0e0a__x0e49__x0e23__x0e/Value']}\",\n  \"หมวด\": \"@{items('For_each')?['OData__x0e2b__x0e21__x0e27__x0e14_']}\",\n  \"ลำดับที่ 1 ระบุ\": \"@{items('For_each')?['OData__x0e25__x0e33__x0e14__x0e31__x0e']}\",\n  \"ลำดับที่ 1 ตัวตั้ง\": \"@{items('For_each')?['OData__x0e25__x0e33__x0e14__x0e31__x0e0']}\",\n  \"ลำดับที่ 1 ตัวหาร\": \"@{items('For_each')?['OData__x0e25__x0e33__x0e14__x0e31__x0e1']}\",\n  \"ลำดับที่ 1 อัตราส่วน\": \"@{items('For_each')?['OData__x0e25__x0e33__x0e14__x0e31__x0e2']}\",\n  \"ลำดับที่ 2 ระบุ\": \"@{items('For_each')?['OData__x0e25__x0e33__x0e14__x0e31__x0e3']}\",\n  \"ลำดับที่ 2 ตัวตั้ง\": \"@{items('For_each')?['OData__x0e25__x0e33__x0e14__x0e31__x0e4']}\",\n  \"ลำดับที่ 2 ตัวหาร\": \"@{outputs('Update_item')?['body/OData__x0e25__x0e33__x0e14__x0e31__x0e5']}\",\n  \"ลำดับที่ 2 อัตราส่วน\": \"@{outputs('Update_item')?['body/OData__x0e25__x0e33__x0e14__x0e31__x0e10']}\",\n  \"ลำดับที่ 3 ระบุ\": \"@{items('For_each')?['OData__x0e25__x0e33__x0e14__x0e31__x0e7']}\",\n  \"ลำดับที่ 3 ตัวตั้ง\": \"@{items('For_each')?['OData__x0e25__x0e33__x0e14__x0e31__x0e8']}\",\n  \"ลำดับที่ 3 ตัวหาร\": \"@{items('For_each')?['OData__x0e25__x0e33__x0e14__x0e31__x0e9']}\",\n  \"ลำดับที่ 3 อัตราส่วน\": \"@{items('For_each')?['OData__x0e25__x0e33__x0e14__x0e31__x0e10']}\",\n  \"ลงชื่อผู้ตรวจสอบ\": \"@{items('For_each')?['OData__x0e25__x0e07__x0e0a__x0e37__x0e']}\",\n  \"ตำแหน่งของผู้ตรวจสอบ\": \"@{items('For_each')?['OData__x0e15__x0e33__x0e41__x0e2b__x0e0']}\",\n  \"วันที่อนุมัติ\": \"@{formatDateTime(items('For_each')?['OData__x0e27__x0e31__x0e19__x0e17__x0e'], 'dd/MM/yyyy')}\",\n  \"แผนกบัญชี/ต้นทุน ลงชื่อ\": \"@{items('For_each')?['OData__x0e41__x0e1c__x0e19__x0e01__x0e']}\",\n  \"ประเภทภาษี\": \"@{items('For_each')?['OData__x0e1b__x0e23__x0e30__x0e40__x0e1/Value']}\",\n  \"ประเภทต้นทุน\": \"@{items('For_each')?['OData__x0e1b__x0e23__x0e30__x0e40__x0e2/Value']}\",\n  \"ประเภทรายได้\": \"@{items('For_each')?['OData__x0e1b__x0e23__x0e30__x0e40__x0e3']}\",\n  \"รหัสผังบัญชีสินค้า\": \"@{items('For_each')?['OData__x0e23__x0e2b__x0e31__x0e2a__x0e']}\",\n  \"รหัสผังบัญชีต้นทุน\": \"@{items('For_each')?['OData__x0e23__x0e2b__x0e31__x0e2a__x0e0']}\",\n  \"รหัสผังบัญชีรายได้\": \"@{items('For_each')?['OData__x0e23__x0e2b__x0e31__x0e2a__x0e1']}\",\n  \"รหัสผังบัญชีรับคืน\": \"@{items('For_each')?['OData__x0e23__x0e2b__x0e31__x0e2a__x0e2']}\",\n  \"กลุ่มสินค้าหลัก\": \"@{items('For_each')?['OData__x0e01__x0e25__x0e38__x0e48__x0e']}\",\n  \"กลุ่มสินค้าย่อย\": \"@{items('For_each')?['OData__x0e01__x0e25__x0e38__x0e48__x0e0']}\",\n  \"วันที่ผูกผังบัญชี\": \"@{formatDateTime(items('For_each')?['OData__x0e27__x0e31__x0e19__x0e17__x0e0'], 'dd/MM/yyyy')}\",\n}","targetFormat":"PDF","InputFile0/body":"@body('Get_file_content')","x-region-value":"-ue1"},"host":{"apiId":"/providers/Microsoft.PowerApps/apis/shared_adobepdftools","connectionName":"shared_adobepdftools","operationId":"DocGen"},"authentication":"@parameters('$authentication')"}},"Merge_PDFs":{"runAfter":{"Generate_document_from_Word_template":["Succeeded"]},"type":"OpenApiConnection","inputs":{"parameters":{"Files Array/outputFileName":"@{items('For_each')?['OData__x0e2b__x0e21__x0e32__x0e22__x0e']}_WD_CH","Files Array/files":"@createArray(\r\n  outputs('Generate_document_from_Word_template')?['body/fileContent'],\r\n  if(\r\n    not(empty(body('Get_attachment_content'))),\r\n    base64(body('Get_attachment_content')),\r\n    null\r\n  )\r\n)\r\n","x-region-value":"-ue1"},"host":{"apiId":"/providers/Microsoft.PowerApps/apis/shared_adobepdftools","connectionName":"shared_adobepdftools","operationId":"CombinePDF"},"authentication":"@parameters('$authentication')"}},"Create_file_1":{"runAfter":{"Merge_PDFs":["Succeeded"]},"type":"OpenApiConnection","inputs":{"parameters":{"dataset":"https://wellnessworldgroups.sharepoint.com/sites/AddProductDataCollectionProgram","folderPath":"/Shared Documents/AddProductIT","name":"@{items('For_each')?['OData__x0e2b__x0e21__x0e32__x0e22__x0e']}_WD_@{utcNow()}_IT_CH.pdf","body":"@outputs('Merge_PDFs')?['body/fileContent']"},"host":{"apiId":"/providers/Microsoft.PowerApps/apis/shared_sharepointonline","connectionName":"shared_sharepointonline","operationId":"CreateFile"},"authentication":"@parameters('$authentication')"},"runtimeConfiguration":{"contentTransfer":{"transferMode":"Chunked"}}},"Create_sharing_link_for_a_file_or_folder":{"runAfter":{"Create_file_1":["Succeeded"]},"type":"OpenApiConnection","inputs":{"parameters":{"dataset":"https://wellnessworldgroups.sharepoint.com/sites/AddProductDataCollectionProgram","table":"1d726a74-ce66-493b-97e4-7f8f3e858b7d","id":"@outputs('Create_file_1')?['body/ItemId']","permission/type":"view","permission/scope":"organization"},"host":{"apiId":"/providers/Microsoft.PowerApps/apis/shared_sharepointonline","connectionName":"shared_sharepointonline","operationId":"CreateSharingLink"},"authentication":"@parameters('$authentication')"}},"Append_to_string_variable_2":{"runAfter":{"Create_sharing_link_for_a_file_or_folder":["Succeeded"]},"type":"AppendToStringVariable","inputs":{"name":"Create_file_ID","value":"@outputs('Create_sharing_link_for_a_file_or_folder')?['body/link/webUrl']"}}}},"Case 2":{"case":"Green Shop Development Co.,Ltd.","actions":{"Populate_a_Microsoft_Word_template_1":{"metadata":{"01LMPDYWQV52I5TFBRTNA34GYB6LS2DMMS":"/AddProductITAll/PM45_GS.docx","01LMPDYWTZNRNTFYJTBNH2EBDDK3GUB7VS":"/AddProductITAll/PM46_AH.docx","01LMPDYWRVEDO45L6IB5DLWFNE2A33N5V2":"/AddProductITAll/PM45_GS.docx","01LMPDYWWG6UGW2N2XRVBI7MD5KXGYHZVG":"/AddProductITAll/PM55_GS.docx","01LMPDYWSMD7ORNYBBJJAYJGEKK4CMD6TB":"/AddProductITAll/PM51_WD.docx","01LMPDYWWBQNFVE3NBQZGIGVHA4QFWISWQ":"/AddProductITAll/PM53_AH.docx"},"type":"OpenApiConnection","inputs":{"parameters":{"source":"sites/wellnessworldgroups.sharepoint.com,53888a8b-d79c-42a3-8986-61cae4c4afe0,a23d93df-8935-4f51-9b01-ff50c9316658","drive":"b!i4qIU5zXo0KJhmHK5MSv4N-TPaI1iVFPmwH_UMkxZlh0anIdZs47SZfkf48-hYt9","file":"/AddProductITAll/@{items('For_each')?['Full_Document_File_Name']}","dynamicFileSchema":{"207611918":"@{variables('Time IT Department Head')}","1958206095":"@{variables('Time IT Department Head')}","-884862086":"@{variables('Name of IT Department Head')}","-87776393":"Panya kamphila"}},"host":{"apiId":"/providers/Microsoft.PowerApps/apis/shared_wordonlinebusiness","connectionName":"shared_wordonlinebusiness","operationId":"CreateFileItem"},"authentication":"@parameters('$authentication')"}},"Create_file_2":{"runAfter":{"Populate_a_Microsoft_Word_template_1":["Succeeded"]},"type":"OpenApiConnection","inputs":{"parameters":{"dataset":"https://wellnessworldgroups.sharepoint.com/sites/AddProductDataCollectionProgram","folderPath":"/Shared Documents/AddProductAll_Checked","name":"@{items('For_each')?['OData__x0e2b__x0e21__x0e32__x0e22__x0e']}_GS_CH.docx","body":"@body('Populate_a_Microsoft_Word_template_1')"},"host":{"apiId":"/providers/Microsoft.PowerApps/apis/shared_sharepointonline","connectionName":"shared_sharepointonline","operationId":"CreateFile"},"authentication":"@parameters('$authentication')"},"runtimeConfiguration":{"contentTransfer":{"transferMode":"Chunked"}}},"Compose_1":{"runAfter":{"Create_file_2":["Succeeded"]},"type":"Compose","inputs":"%252fShared%2bDocuments%252fAddProductAll_Checked%252f@{items('For_each')?['OData__x0e2b__x0e21__x0e32__x0e22__x0e']}_GS_CH.docx"},"Get_file_content_1":{"runAfter":{"Compose_1":["Succeeded"]},"type":"OpenApiConnection","inputs":{"parameters":{"dataset":"https://wellnessworldgroups.sharepoint.com/sites/AddProductDataCollectionProgram","id":"@outputs('Compose_1')","inferContentType":true},"host":{"apiId":"/providers/Microsoft.PowerApps/apis/shared_sharepointonline","connectionName":"shared_sharepointonline","operationId":"GetFileContent"},"authentication":"@parameters('$authentication')"}},"Convert_Word_to_PDF_1":{"runAfter":{"Get_file_content_1":["Succeeded"]},"type":"OpenApiConnection","inputs":{"parameters":{"inputFileName":"@outputs('Create_file_2')?['body/DisplayName']","InputFile0/body":"@body('Get_file_content_1')","x-region-value":"-ue1"},"host":{"apiId":"/providers/Microsoft.PowerApps/apis/shared_adobepdftools","connectionName":"shared_adobepdftools","operationId":"CreatePDFFromWord"},"authentication":"@parameters('$authentication')"}},"Generate_document_from_Word_template_1":{"runAfter":{"Convert_Word_to_PDF_1":["Succeeded"]},"type":"OpenApiConnection","inputs":{"parameters":{"inputFileName":"file.docx","jsonStringForMerge":"{\n  \"วันที่\": \"@{formatDateTime(items('For_each')?['CreatedOn'], 'dd/MM/yyyy')}\",\n  \"ผู้ขอใช้บริการ\": \"@{items('For_each')?['OData__x0e1c__x0e39__x0e49__x0e02__x0e']}\",\n  \"หน่วยงาน\": \"@{items('For_each')?['OData__x0e15__x0e33__x0e41__x0e2b__x0e']}\",\n  \"รายละเอียดสินค้า/บริการ/ทรัพย์สิน\": \"\",\n  \"ชื่อสินค้า\": \"@{items('For_each')?['OData__x0e0a__x0e37__x0e48__x0e2d__x0e']}\",\n  \"ประเภทสินค้า\": \"@{items('For_each')?['OData__x0e1b__x0e23__x0e30__x0e40__x0e/Value']}\",\n  \"ประเภทหน่วยนับ\": \"@{items('For_each')?['OData__x0e1b__x0e23__x0e30__x0e40__x0e0/Value']}\",\n  \"เกณฑ์อายุสินค้า จำนวนวัน\": \"@{items('For_each')?['OData__x0e40__x0e01__x0e13__x0e11__x0e']}\",\n  \"หน่วยต้นทุน : ระบุ\": \"@{items('For_each')?['OData__x0e2b__x0e19__x0e48__x0e27__x0e']}\",\n  \"หน่วยยอดคงเหลือ\": \"@{items('For_each')?['OData__x0e2b__x0e19__x0e48__x0e27__x0e0']}\",\n  \"วันผลิต\": \"@{items('For_each')?['OData__x0e27__x0e31__x0e19__x0e1c__x0e/Value']}\",\n  \"สะสมแต้ม\": \"@{items('For_each')?['OData__x0e2a__x0e30__x0e2a__x0e21__x0e/Value']}\",\n  \"ใช้ระบบหมดอายุ\": \"@{items('For_each')?['OData__x0e43__x0e0a__x0e49__x0e23__x0e/Value']}\",\n  \"หมวด\": \"@{items('For_each')?['OData__x0e2b__x0e21__x0e27__x0e14_']}\",\n  \"ลำดับที่ 1 ระบุ\": \"@{items('For_each')?['OData__x0e25__x0e33__x0e14__x0e31__x0e']}\",\n  \"ลำดับที่ 1 ตัวตั้ง\": \"@{items('For_each')?['OData__x0e25__x0e33__x0e14__x0e31__x0e0']}\",\n  \"ลำดับที่ 1 ตัวหาร\": \"@{items('For_each')?['OData__x0e25__x0e33__x0e14__x0e31__x0e1']}\",\n  \"ลำดับที่ 1 อัตราส่วน\": \"@{items('For_each')?['OData__x0e25__x0e33__x0e14__x0e31__x0e2']}\",\n  \"ลำดับที่ 2 ระบุ\": \"@{items('For_each')?['OData__x0e25__x0e33__x0e14__x0e31__x0e3']}\",\n  \"ลำดับที่ 2 ตัวตั้ง\": \"@{items('For_each')?['OData__x0e25__x0e33__x0e14__x0e31__x0e4']}\",\n  \"ลำดับที่ 2 ตัวหาร\": \"@{outputs('Update_item')?['body/OData__x0e25__x0e33__x0e14__x0e31__x0e5']}\",\n  \"ลำดับที่ 2 อัตราส่วน\": \"@{outputs('Update_item')?['body/OData__x0e25__x0e33__x0e14__x0e31__x0e10']}\",\n  \"ลำดับที่ 3 ระบุ\": \"@{items('For_each')?['OData__x0e25__x0e33__x0e14__x0e31__x0e7']}\",\n  \"ลำดับที่ 3 ตัวตั้ง\": \"@{items('For_each')?['OData__x0e25__x0e33__x0e14__x0e31__x0e8']}\",\n  \"ลำดับที่ 3 ตัวหาร\": \"@{items('For_each')?['OData__x0e25__x0e33__x0e14__x0e31__x0e9']}\",\n  \"ลำดับที่ 3 อัตราส่วน\": \"@{items('For_each')?['OData__x0e25__x0e33__x0e14__x0e31__x0e10']}\",\n  \"ลงชื่อผู้ตรวจสอบ\": \"@{items('For_each')?['OData__x0e25__x0e07__x0e0a__x0e37__x0e']}\",\n  \"ตำแหน่งของผู้ตรวจสอบ\": \"@{items('For_each')?['OData__x0e15__x0e33__x0e41__x0e2b__x0e0']}\",\n  \"วันที่อนุมัติ\": \"@{formatDateTime(items('For_each')?['OData__x0e27__x0e31__x0e19__x0e17__x0e'], 'dd/MM/yyyy')}\",\n  \"แผนกบัญชี/ต้นทุน ลงชื่อ\": \"@{items('For_each')?['OData__x0e41__x0e1c__x0e19__x0e01__x0e']}\",\n  \"ประเภทภาษี\": \"@{items('For_each')?['OData__x0e1b__x0e23__x0e30__x0e40__x0e1/Value']}\",\n  \"ประเภทต้นทุน\": \"@{items('For_each')?['OData__x0e1b__x0e23__x0e30__x0e40__x0e2/Value']}\",\n  \"ประเภทรายได้\": \"@{items('For_each')?['OData__x0e1b__x0e23__x0e30__x0e40__x0e3']}\",\n  \"รหัสผังบัญชีสินค้า\": \"@{items('For_each')?['OData__x0e23__x0e2b__x0e31__x0e2a__x0e']}\",\n  \"รหัสผังบัญชีต้นทุน\": \"@{items('For_each')?['OData__x0e23__x0e2b__x0e31__x0e2a__x0e0']}\",\n  \"รหัสผังบัญชีรายได้\": \"@{items('For_each')?['OData__x0e23__x0e2b__x0e31__x0e2a__x0e1']}\",\n  \"รหัสผังบัญชีรับคืน\": \"@{items('For_each')?['OData__x0e23__x0e2b__x0e31__x0e2a__x0e2']}\",\n  \"กลุ่มสินค้าหลัก\": \"@{items('For_each')?['OData__x0e01__x0e25__x0e38__x0e48__x0e']}\",\n  \"กลุ่มสินค้าย่อย\": \"@{items('For_each')?['OData__x0e01__x0e25__x0e38__x0e48__x0e0']}\",\n  \"วันที่ผูกผังบัญชี\": \"@{formatDateTime(items('For_each')?['OData__x0e27__x0e31__x0e19__x0e17__x0e0'], 'dd/MM/yyyy')}\",\n}","targetFormat":"PDF","InputFile0/body":"@body('Get_file_content_1')","x-region-value":"-ue1"},"host":{"apiId":"/providers/Microsoft.PowerApps/apis/shared_adobepdftools","connectionName":"shared_adobepdftools","operationId":"DocGen"},"authentication":"@parameters('$authentication')"}},"Merge_PDFs_1":{"runAfter":{"Generate_document_from_Word_template_1":["Succeeded"]},"type":"OpenApiConnection","inputs":{"parameters":{"Files Array/outputFileName":"@{items('For_each')?['OData__x0e2b__x0e21__x0e32__x0e22__x0e']}_GS_CH","Files Array/files":"@createArray(\r\n  outputs('Generate_document_from_Word_template_1')?['body/fileContent'],\r\n  if(\r\n    not(empty(body('Get_attachment_content'))),\r\n    base64(body('Get_attachment_content')),\r\n    null\r\n  )\r\n)\r\n","x-region-value":"-ue1"},"host":{"apiId":"/providers/Microsoft.PowerApps/apis/shared_adobepdftools","connectionName":"shared_adobepdftools","operationId":"CombinePDF"},"authentication":"@parameters('$authentication')"}},"Create_file_3":{"runAfter":{"Merge_PDFs_1":["Succeeded"]},"type":"OpenApiConnection","inputs":{"parameters":{"dataset":"https://wellnessworldgroups.sharepoint.com/sites/AddProductDataCollectionProgram","folderPath":"/Shared Documents/AddProductIT","name":"@{items('For_each')?['OData__x0e2b__x0e21__x0e32__x0e22__x0e']}_GS_@{utcNow()}_IT_CH.pdf","body":"@outputs('Merge_PDFs_1')?['body/fileContent']"},"host":{"apiId":"/providers/Microsoft.PowerApps/apis/shared_sharepointonline","connectionName":"shared_sharepointonline","operationId":"CreateFile"},"authentication":"@parameters('$authentication')"},"runtimeConfiguration":{"contentTransfer":{"transferMode":"Chunked"}}},"Create_sharing_link_for_a_file_or_folder_1":{"runAfter":{"Create_file_3":["Succeeded"]},"type":"OpenApiConnection","inputs":{"parameters":{"dataset":"https://wellnessworldgroups.sharepoint.com/sites/AddProductDataCollectionProgram","table":"1d726a74-ce66-493b-97e4-7f8f3e858b7d","id":"@outputs('Create_file_3')?['body/ItemId']","permission/type":"view","permission/scope":"organization"},"host":{"apiId":"/providers/Microsoft.PowerApps/apis/shared_sharepointonline","connectionName":"shared_sharepointonline","operationId":"CreateSharingLink"},"authentication":"@parameters('$authentication')"}},"Append_to_string_variable_3":{"runAfter":{"Create_sharing_link_for_a_file_or_folder_1":["Succeeded"]},"type":"AppendToStringVariable","inputs":{"name":"Create_file_ID","value":"@outputs('Create_sharing_link_for_a_file_or_folder_1')?['body/link/webUrl']"}}}},"Case 3":{"case":"Wellness At Home Co.,Ltd.","actions":{"Populate_a_Microsoft_Word_template_2":{"metadata":{"01LMPDYWXIVUA2MUS4UVHKPZBM6LPWD7GI":"/AddProductITAll/PM46_AH.docx","01LMPDYWRVEDO45L6IB5DLWFNE2A33N5V2":"/AddProductITAll/PM45_GS.docx","01LMPDYWTZNRNTFYJTBNH2EBDDK3GUB7VS":"/AddProductITAll/PM46_AH.docx","01LMPDYWVYZMXQEUIVCBEKGCDCNSJ3HNK5":"/AddProductITAll/PM56_AH.docx"},"type":"OpenApiConnection","inputs":{"parameters":{"source":"sites/wellnessworldgroups.sharepoint.com,53888a8b-d79c-42a3-8986-61cae4c4afe0,a23d93df-8935-4f51-9b01-ff50c9316658","drive":"b!i4qIU5zXo0KJhmHK5MSv4N-TPaI1iVFPmwH_UMkxZlh0anIdZs47SZfkf48-hYt9","file":"/AddProductITAll/@{items('For_each')?['Full_Document_File_Name']}","dynamicFileSchema":{"-23028358":"@{variables('Name of IT Department Head')}","-1998486428":"@{variables('Time IT Department Head')}","-2012520343":"Panya kamphila","-571584101":"@{variables('Time IT Department Head')}"}},"host":{"apiId":"/providers/Microsoft.PowerApps/apis/shared_wordonlinebusiness","connectionName":"shared_wordonlinebusiness","operationId":"CreateFileItem"},"authentication":"@parameters('$authentication')"}},"Create_file_4":{"runAfter":{"Populate_a_Microsoft_Word_template_2":["Succeeded"]},"type":"OpenApiConnection","inputs":{"parameters":{"dataset":"https://wellnessworldgroups.sharepoint.com/sites/AddProductDataCollectionProgram","folderPath":"/Shared Documents/AddProductAll_Checked","name":"@{items('For_each')?['OData__x0e2b__x0e21__x0e32__x0e22__x0e']}_AH_CH.docx","body":"@body('Populate_a_Microsoft_Word_template_2')"},"host":{"apiId":"/providers/Microsoft.PowerApps/apis/shared_sharepointonline","connectionName":"shared_sharepointonline","operationId":"CreateFile"},"authentication":"@parameters('$authentication')"},"runtimeConfiguration":{"contentTransfer":{"transferMode":"Chunked"}}},"Compose_2":{"runAfter":{"Create_file_4":["Succeeded"]},"type":"Compose","inputs":"%252fShared%2bDocuments%252fAddProductAll_Checked%252f@{items('For_each')?['OData__x0e2b__x0e21__x0e32__x0e22__x0e']}_AH_CH.docx"},"Get_file_content_2":{"runAfter":{"Compose_2":["Succeeded"]},"type":"OpenApiConnection","inputs":{"parameters":{"dataset":"https://wellnessworldgroups.sharepoint.com/sites/AddProductDataCollectionProgram","id":"@outputs('Compose_2')","inferContentType":true},"host":{"apiId":"/providers/Microsoft.PowerApps/apis/shared_sharepointonline","connectionName":"shared_sharepointonline","operationId":"GetFileContent"},"authentication":"@parameters('$authentication')"}},"Convert_Word_to_PDF_2":{"runAfter":{"Get_file_content_2":["Succeeded"]},"type":"OpenApiConnection","inputs":{"parameters":{"inputFileName":"@outputs('Create_file_4')?['body/DisplayName']","InputFile0/body":"@body('Get_file_content_2')","x-region-value":"-ue1"},"host":{"apiId":"/providers/Microsoft.PowerApps/apis/shared_adobepdftools","connectionName":"shared_adobepdftools","operationId":"CreatePDFFromWord"},"authentication":"@parameters('$authentication')"}},"Generate_document_from_Word_template_2":{"runAfter":{"Convert_Word_to_PDF_2":["Succeeded"]},"type":"OpenApiConnection","inputs":{"parameters":{"inputFileName":"file.docx","jsonStringForMerge":"{\n  \"วันที่\": \"@{formatDateTime(items('For_each')?['CreatedOn'], 'dd/MM/yyyy')}\",\n  \"ผู้ขอใช้บริการ\": \"@{items('For_each')?['OData__x0e1c__x0e39__x0e49__x0e02__x0e']}\",\n  \"หน่วยงาน\": \"@{items('For_each')?['OData__x0e15__x0e33__x0e41__x0e2b__x0e']}\",\n  \"รายละเอียดสินค้า/บริการ/ทรัพย์สิน\": \"\",\n  \"ชื่อสินค้า\": \"@{items('For_each')?['OData__x0e0a__x0e37__x0e48__x0e2d__x0e']}\",\n  \"ประเภทสินค้า\": \"@{items('For_each')?['OData__x0e1b__x0e23__x0e30__x0e40__x0e/Value']}\",\n  \"ประเภทหน่วยนับ\": \"@{items('For_each')?['OData__x0e1b__x0e23__x0e30__x0e40__x0e0/Value']}\",\n  \"เกณฑ์อายุสินค้า จำนวนวัน\": \"@{items('For_each')?['OData__x0e40__x0e01__x0e13__x0e11__x0e']}\",\n  \"หน่วยต้นทุน : ระบุ\": \"@{items('For_each')?['OData__x0e2b__x0e19__x0e48__x0e27__x0e']}\",\n  \"หน่วยยอดคงเหลือ\": \"@{items('For_each')?['OData__x0e2b__x0e19__x0e48__x0e27__x0e0']}\",\n  \"วันผลิต\": \"@{items('For_each')?['OData__x0e27__x0e31__x0e19__x0e1c__x0e/Value']}\",\n  \"สะสมแต้ม\": \"@{items('For_each')?['OData__x0e2a__x0e30__x0e2a__x0e21__x0e/Value']}\",\n  \"ใช้ระบบหมดอายุ\": \"@{items('For_each')?['OData__x0e43__x0e0a__x0e49__x0e23__x0e/Value']}\",\n  \"หมวด\": \"@{items('For_each')?['OData__x0e2b__x0e21__x0e27__x0e14_']}\",\n  \"ลำดับที่ 1 ระบุ\": \"@{items('For_each')?['OData__x0e25__x0e33__x0e14__x0e31__x0e']}\",\n  \"ลำดับที่ 1 ตัวตั้ง\": \"@{items('For_each')?['OData__x0e25__x0e33__x0e14__x0e31__x0e0']}\",\n  \"ลำดับที่ 1 ตัวหาร\": \"@{items('For_each')?['OData__x0e25__x0e33__x0e14__x0e31__x0e1']}\",\n  \"ลำดับที่ 1 อัตราส่วน\": \"@{items('For_each')?['OData__x0e25__x0e33__x0e14__x0e31__x0e2']}\",\n  \"ลำดับที่ 2 ระบุ\": \"@{items('For_each')?['OData__x0e25__x0e33__x0e14__x0e31__x0e3']}\",\n  \"ลำดับที่ 2 ตัวตั้ง\": \"@{items('For_each')?['OData__x0e25__x0e33__x0e14__x0e31__x0e4']}\",\n  \"ลำดับที่ 2 ตัวหาร\": \"@{outputs('Update_item')?['body/OData__x0e25__x0e33__x0e14__x0e31__x0e5']}\",\n  \"ลำดับที่ 2 อัตราส่วน\": \"@{outputs('Update_item')?['body/OData__x0e25__x0e33__x0e14__x0e31__x0e10']}\",\n  \"ลำดับที่ 3 ระบุ\": \"@{items('For_each')?['OData__x0e25__x0e33__x0e14__x0e31__x0e7']}\",\n  \"ลำดับที่ 3 ตัวตั้ง\": \"@{items('For_each')?['OData__x0e25__x0e33__x0e14__x0e31__x0e8']}\",\n  \"ลำดับที่ 3 ตัวหาร\": \"@{items('For_each')?['OData__x0e25__x0e33__x0e14__x0e31__x0e9']}\",\n  \"ลำดับที่ 3 อัตราส่วน\": \"@{items('For_each')?['OData__x0e25__x0e33__x0e14__x0e31__x0e10']}\",\n  \"ลงชื่อผู้ตรวจสอบ\": \"@{items('For_each')?['OData__x0e25__x0e07__x0e0a__x0e37__x0e']}\",\n  \"ตำแหน่งของผู้ตรวจสอบ\": \"@{items('For_each')?['OData__x0e15__x0e33__x0e41__x0e2b__x0e0']}\",\n  \"วันที่อนุมัติ\": \"@{formatDateTime(items('For_each')?['OData__x0e27__x0e31__x0e19__x0e17__x0e'], 'dd/MM/yyyy')}\",\n  \"แผนกบัญชี/ต้นทุน ลงชื่อ\": \"@{items('For_each')?['OData__x0e41__x0e1c__x0e19__x0e01__x0e']}\",\n  \"ประเภทภาษี\": \"@{items('For_each')?['OData__x0e1b__x0e23__x0e30__x0e40__x0e1/Value']}\",\n  \"ประเภทต้นทุน\": \"@{items('For_each')?['OData__x0e1b__x0e23__x0e30__x0e40__x0e2/Value']}\",\n  \"ประเภทรายได้\": \"@{items('For_each')?['OData__x0e1b__x0e23__x0e30__x0e40__x0e3']}\",\n  \"รหัสผังบัญชีสินค้า\": \"@{items('For_each')?['OData__x0e23__x0e2b__x0e31__x0e2a__x0e']}\",\n  \"รหัสผังบัญชีต้นทุน\": \"@{items('For_each')?['OData__x0e23__x0e2b__x0e31__x0e2a__x0e0']}\",\n  \"รหัสผังบัญชีรายได้\": \"@{items('For_each')?['OData__x0e23__x0e2b__x0e31__x0e2a__x0e1']}\",\n  \"รหัสผังบัญชีรับคืน\": \"@{items('For_each')?['OData__x0e23__x0e2b__x0e31__x0e2a__x0e2']}\",\n  \"กลุ่มสินค้าหลัก\": \"@{items('For_each')?['OData__x0e01__x0e25__x0e38__x0e48__x0e']}\",\n  \"กลุ่มสินค้าย่อย\": \"@{items('For_each')?['OData__x0e01__x0e25__x0e38__x0e48__x0e0']}\",\n  \"วันที่ผูกผังบัญชี\": \"@{formatDateTime(items('For_each')?['OData__x0e27__x0e31__x0e19__x0e17__x0e0'], 'dd/MM/yyyy')}\",\n}","targetFormat":"PDF","InputFile0/body":"@body('Get_file_content_2')","x-region-value":"-ue1"},"host":{"apiId":"/providers/Microsoft.PowerApps/apis/shared_adobepdftools","connectionName":"shared_adobepdftools","operationId":"DocGen"},"authentication":"@parameters('$authentication')"}},"Merge_PDFs_2":{"runAfter":{"Generate_document_from_Word_template_2":["Succeeded"]},"type":"OpenApiConnection","inputs":{"parameters":{"Files Array/outputFileName":"@{items('For_each')?['OData__x0e2b__x0e21__x0e32__x0e22__x0e']}_AH_CH","Files Array/files":"@createArray(\r\n  outputs('Generate_document_from_Word_template_2')?['body/fileContent'],\r\n  if(\r\n    not(empty(body('Get_attachment_content'))),\r\n    base64(body('Get_attachment_content')),\r\n    null\r\n  )\r\n)\r\n","x-region-value":"-ue1"},"host":{"apiId":"/providers/Microsoft.PowerApps/apis/shared_adobepdftools","connectionName":"shared_adobepdftools","operationId":"CombinePDF"},"authentication":"@parameters('$authentication')"}},"Create_sharing_link_for_a_file_or_folder_2":{"runAfter":{"Create_file_5":["Succeeded"]},"type":"OpenApiConnection","inputs":{"parameters":{"dataset":"https://wellnessworldgroups.sharepoint.com/sites/AddProductDataCollectionProgram","table":"1d726a74-ce66-493b-97e4-7f8f3e858b7d","id":"@outputs('Create_file_5')?['body/ItemId']","permission/type":"view","permission/scope":"organization"},"host":{"apiId":"/providers/Microsoft.PowerApps/apis/shared_sharepointonline","connectionName":"shared_sharepointonline","operationId":"CreateSharingLink"},"authentication":"@parameters('$authentication')"}},"Append_to_string_variable_4":{"runAfter":{"Create_sharing_link_for_a_file_or_folder_2":["Succeeded"]},"type":"AppendToStringVariable","inputs":{"name":"Create_file_ID","value":"@outputs('Create_sharing_link_for_a_file_or_folder_2')?['body/link/webUrl']"}},"Create_file_5":{"runAfter":{"Merge_PDFs_2":["Succeeded"]},"type":"OpenApiConnection","inputs":{"parameters":{"dataset":"https://wellnessworldgroups.sharepoint.com/sites/AddProductDataCollectionProgram","folderPath":"/Shared Documents/AddProductIT","name":"@{items('For_each')?['OData__x0e2b__x0e21__x0e32__x0e22__x0e']}_AH_@{utcNow()}_IT_CH.pdf","body":"@outputs('Merge_PDFs_2')?['body/fileContent']"},"host":{"apiId":"/providers/Microsoft.PowerApps/apis/shared_sharepointonline","connectionName":"shared_sharepointonline","operationId":"CreateFile"},"authentication":"@parameters('$authentication')"},"runtimeConfiguration":{"contentTransfer":{"transferMode":"Chunked"}}}}}},"default":{"actions":{}},"expression":"@items('For_each')?['OData__x0e1a__x0e23__x0e34__x0e29__x0e/Value']","type":"Switch"},"Get_items_1":{"runAfter":{"Append_to_string_variable_5":["Succeeded"]},"type":"OpenApiConnection","inputs":{"parameters":{"dataset":"https://wellnessworldgroups.sharepoint.com/sites/AddProductDataCollectionProgram","table":"c8f7d8be-d562-49c1-831f-0944150f5a62","$filter":"OData__x0e2b__x0e21__x0e32__x0e22__x0e eq '@{items('For_each')?['OData__x0e2b__x0e21__x0e32__x0e22__x0e']}'"},"host":{"apiId":"/providers/Microsoft.PowerApps/apis/shared_sharepointonline","connectionName":"shared_sharepointonline","operationId":"GetItems"},"authentication":"@parameters('$authentication')"}},"Update_item":{"runAfter":{"Get_attachment_content":["Succeeded","Failed"],"For_each_2":["Succeeded"]},"type":"OpenApiConnection","inputs":{"parameters":{"dataset":"https://wellnessworldgroups.sharepoint.com/sites/AddProductDataCollectionProgram","table":"c1c695ec-2eaf-4ab5-b15f-536978079189","id":"@items('For_each')?['ID']","item/OData__x0e0a__x0e37__x0e48__x0e2d__x0e0":"@variables('Name of IT Department Head')","item/OData__x0e2a__x0e16__x0e32__x0e19__x0e2/Value":"ตรวจสอบแล้ว","item/OData__x0e27__x0e31__x0e19__x0e17__x0e2":"@formatDateTime(utcNow(), 'HH:mm:ss tt')","item/Time_Head_IT":"@formatDateTime(convertTimeZone(utcNow(), 'UTC', 'SE Asia Standard Time'), 'hh:mm tt')"},"host":{"apiId":"/providers/Microsoft.PowerApps/apis/shared_sharepointonline","connectionName":"shared_sharepointonline","operationId":"PatchItem"},"authentication":"@parameters('$authentication')"}},"Update_item_2":{"runAfter":{"Switch":["Succeeded"]},"type":"OpenApiConnection","inputs":{"parameters":{"dataset":"https://wellnessworldgroups.sharepoint.com/sites/AddProductDataCollectionProgram","table":"c1c695ec-2eaf-4ab5-b15f-536978079189","id":"@outputs('Update_item')?['body/ID']","item/File_IT_Addproduct_final":"@variables('Create_file_ID')"},"host":{"apiId":"/providers/Microsoft.PowerApps/apis/shared_sharepointonline","connectionName":"shared_sharepointonline","operationId":"PatchItem"},"authentication":"@parameters('$authentication')"}},"Append_to_string_variable_5":{"runAfter":{"Update_item":["Succeeded"]},"type":"AppendToStringVariable","inputs":{"name":"Time IT Department Head","value":"@formatDateTime(utcNow(), 'dd/MM/yyyy')"}}},"runAfter":{"Initialize_variable_3":["Succeeded"]},"type":"Foreach"},"Initialize_variable":{"runAfter":{"Get_items":["Succeeded"]},"type":"InitializeVariable","inputs":{"variables":[{"name":"Name of IT Department Head","type":"string"}]}},"Initialize_variable_1":{"runAfter":{"Initialize_variable":["Succeeded"]},"type":"InitializeVariable","inputs":{"variables":[{"name":"IDAttachments","type":"string"}]}},"Initialize_variable_2":{"runAfter":{"Initialize_variable_1":["Succeeded"]},"type":"InitializeVariable","inputs":{"variables":[{"name":"Create_file_ID","type":"string"}]}},"Initialize_variable_3":{"runAfter":{"Initialize_variable_2":["Succeeded"]},"type":"InitializeVariable","inputs":{"variables":[{"name":"Time IT Department Head","type":"string"}]}}},"outputs":{}},"connectionReferences":{"shared_planner":{"connectionName":"shared-planner-e9cd73e4-8d54-462d-a822-9ee708c84207","source":"Embedded","id":"/providers/Microsoft.PowerApps/apis/shared_planner","tier":"NotSpecified","apiName":"planner","isProcessSimpleApiReferenceConversionAlreadyDone":false},"shared_sharepointonline":{"connectionName":"shared-sharepointonl-2833b431-84c8-4662-a152-bb6efd016269","source":"Embedded","id":"/providers/Microsoft.PowerApps/apis/shared_sharepointonline","tier":"NotSpecified","apiName":"sharepointonline","isProcessSimpleApiReferenceConversionAlreadyDone":false},"shared_excelonlinebusiness":{"connectionName":"shared-excelonlinebu-daad3577-52a4-479b-b304-007c97395fe1","source":"Embedded","id":"/providers/Microsoft.PowerApps/apis/shared_excelonlinebusiness","tier":"NotSpecified","apiName":"excelonlinebusiness","isProcessSimpleApiReferenceConversionAlreadyDone":false},"shared_office365users":{"connectionName":"shared-office365user-8bcc4935-31b1-4b72-8b5d-401821f10fa3","source":"Embedded","id":"/providers/Microsoft.PowerApps/apis/shared_office365users","tier":"NotSpecified","apiName":"office365users","isProcessSimpleApiReferenceConversionAlreadyDone":false},"shared_wordonlinebusiness":{"connectionName":"shared-wordonlinebus-e7e556c5-2ad3-4c20-83f1-24511621dc3a","source":"Embedded","id":"/providers/Microsoft.PowerApps/apis/shared_wordonlinebusiness","tier":"NotSpecified","apiName":"wordonlinebusiness","isProcessSimpleApiReferenceConversionAlreadyDone":false},"shared_adobepdftools":{"connectionName":"7b5e4e1b32484af2b98247d4799eff1a","source":"Embedded","id":"/providers/Microsoft.PowerApps/apis/shared_adobepdftools","tier":"NotSpecified","apiName":"adobepdftools","isProcessSimpleApiReferenceConversionAlreadyDone":false}},"flowFailureAlertSubscribed":false,"isManaged":false}}