{"name":"91fed708-e7ae-4fcb-b884-97b71682b3bb","id":"/providers/Microsoft.Flow/flows/91fed708-e7ae-4fcb-b884-97b71682b3bb","type":"Microsoft.Flow/flows","properties":{"apiId":"/providers/Microsoft.PowerApps/apis/shared_logicflows","displayName":"Add_Product_Planner (Mainly used)","definition":{"metadata":{"workflowEntityId":null,"processAdvisorMetadata":null,"flowChargedByPaygo":null,"migrationSourceId":"/subscriptions/414a7037-fa85-457b-a787-f61006f22e7b/resourceGroups/5bfdde848d2347bda6ef68c9b70b445c-default5bfdde848d2347bda6ef68c9b70b445c-env/providers/Microsoft.Logic/workflows/91fed708-e7ae-4fcb-b884-97b71682b3bb-azshadow","flowclientsuspensionreason":"None","flowclientsuspensiontime":null,"flowclientsuspensionreasondetails":null,"creator":{"id":"1942d505-0a99-4dc5-813e-e483070231b2","type":"User","tenantId":"5bfdde84-8d23-47bd-a6ef-68c9b70b445c"},"provisioningMethod":"FromDefinition","failureAlertSubscription":true,"clientLastModifiedTime":"2025-09-19T01:29:15.8993827Z","clientCreatedTime":"2025-09-14T17:30:37.707549Z","connectionKeySavedTimeKey":"2026-01-17T15:20:02.0580085Z","creationSource":null,"modifiedSources":"Portal"},"$schema":"https://schema.management.azure.com/providers/Microsoft.Logic/schemas/2016-06-01/workflowdefinition.json#","contentVersion":"1.0.0.0","parameters":{"$authentication":{"defaultValue":{},"type":"SecureObject"},"$connections":{"defaultValue":{},"type":"Object"}},"triggers":{"manual":{"metadata":{"operationMetadataId":"c38bce42-6cf5-4f6a-8472-93bd7bafa89e"},"type":"Request","kind":"PowerAppV2","inputs":{"schema":{"type":"object","properties":{"text":{"title":"ID_Product","type":"string","x-ms-dynamically-added":true,"description":"Please enter your input","x-ms-content-hint":"TEXT"},"text_1":{"description":"Please enter your input","title":"Name","type":"string","x-ms-content-hint":"TEXT","x-ms-dynamically-added":true},"text_2":{"description":"Please enter your input","title":"E_Mail_IT","type":"string","x-ms-content-hint":"TEXT","x-ms-dynamically-added":true}},"required":["text","text_1","text_2"]}}}},"actions":{"Get_items":{"runAfter":{"Initialize_variable_9":["Succeeded"]},"metadata":{"operationMetadataId":"b46ca601-4483-4466-8fd4-ba11842f945e"},"type":"OpenApiConnection","inputs":{"parameters":{"dataset":"https://wellnessworldgroups.sharepoint.com/sites/AddProductDataCollectionProgram","table":"c1c695ec-2eaf-4ab5-b15f-536978079189","$filter":"OData__x0e2b__x0e21__x0e32__x0e22__x0e eq '@{triggerBody()['text']}'"},"host":{"apiId":"/providers/Microsoft.PowerApps/apis/shared_sharepointonline","connectionName":"shared_sharepointonline","operationId":"GetItems"},"authentication":{"value":"@json(decodeBase64(triggerOutputs().headers['X-MS-APIM-Tokens']))['$ConnectionKey']","type":"Raw"}}},"For_each":{"foreach":"@outputs('Get_items')?['body/value']","actions":{"Switch":{"cases":{"Case":{"case":"WellD Products Public Co.,Ltd.","actions":{"Create_a_task":{"metadata":{"operationMetadataId":"aac2ce79-424a-4beb-bbad-c29e1e7d5013"},"type":"OpenApiConnection","inputs":{"parameters":{"body/groupId":"ccb18710-1c1c-404a-a7b6-a05b97e17405","body/planId":"MR_EIOad8kSOlfl03RC8fckAFINu","body/title":"@items('For_each')?['OData__x0e2b__x0e21__x0e32__x0e22__x0e']","body/bucketId":"jSBj8NpDp0K-0QKBdA9tZckAFc9j","body/startDateTime":"@items('For_each')?['OData__x0e27__x0e31__x0e19__x0e17__x0e0']","body/assignments":"titipong.si@wellnessworldgroups.com","body/appliedCategories/category14":true},"host":{"apiId":"/providers/Microsoft.PowerApps/apis/shared_planner","connectionName":"shared_planner","operationId":"CreateTask_V4"},"authentication":{"value":"@json(decodeBase64(triggerOutputs().headers['X-MS-APIM-Tokens']))['$ConnectionKey']","type":"Raw"}}},"Append_to_string_variable":{"runAfter":{"Create_a_task":["Succeeded"]},"metadata":{"operationMetadataId":"9ccf1b94-0b6f-4acd-b228-823ac86c4319"},"type":"AppendToStringVariable","inputs":{"name":"ID_Planner","value":"@outputs('Create_a_task')?['body/id']"}}}},"Case 2":{"case":"Green Shop Development Co.,Ltd.","actions":{"Create_a_task_1":{"metadata":{"operationMetadataId":"e5c1ca5b-3ef3-43e1-89b5-6fa11a03879e"},"type":"OpenApiConnection","inputs":{"parameters":{"body/groupId":"ccb18710-1c1c-404a-a7b6-a05b97e17405","body/planId":"MR_EIOad8kSOlfl03RC8fckAFINu","body/title":"@items('For_each')?['OData__x0e2b__x0e21__x0e32__x0e22__x0e']","body/bucketId":"e4g7-hVZhUSMB6LsD9XxTckALlgO","body/startDateTime":"@items('For_each')?['OData__x0e27__x0e31__x0e19__x0e17__x0e0']","body/assignments":"titipong.si@wellnessworldgroups.com","body/appliedCategories/category15":true},"host":{"apiId":"/providers/Microsoft.PowerApps/apis/shared_planner","connectionName":"shared_planner-1","operationId":"CreateTask_V4"},"authentication":{"value":"@json(decodeBase64(triggerOutputs().headers['X-MS-APIM-Tokens']))['$ConnectionKey']","type":"Raw"}}},"Append_to_string_variable_1":{"runAfter":{"Create_a_task_1":["Succeeded"]},"metadata":{"operationMetadataId":"26382d76-33cc-4223-9ba4-7e8ffb80e95d"},"type":"AppendToStringVariable","inputs":{"name":"ID_Planner","value":"@outputs('Create_a_task_1')?['body/id']"}}}},"Case 3":{"case":"Wellness At Home Co.,Ltd.","actions":{"Create_a_task_2":{"metadata":{"operationMetadataId":"cd864546-d986-4dbe-b0ad-03f677b4acc1"},"type":"OpenApiConnection","inputs":{"parameters":{"body/groupId":"ccb18710-1c1c-404a-a7b6-a05b97e17405","body/planId":"MR_EIOad8kSOlfl03RC8fckAFINu","body/title":"@items('For_each')?['OData__x0e2b__x0e21__x0e32__x0e22__x0e']","body/bucketId":"QYlBbC0b9U2e-kCCe4T82ckAPQBO","body/startDateTime":"@items('For_each')?['OData__x0e27__x0e31__x0e19__x0e17__x0e0']","body/assignments":"titipong.si@wellnessworldgroups.com","body/appliedCategories/category16":true},"host":{"apiId":"/providers/Microsoft.PowerApps/apis/shared_planner","connectionName":"shared_planner-1","operationId":"CreateTask_V4"},"authentication":{"value":"@json(decodeBase64(triggerOutputs().headers['X-MS-APIM-Tokens']))['$ConnectionKey']","type":"Raw"}}},"Append_to_string_variable_2":{"runAfter":{"Create_a_task_2":["Succeeded"]},"metadata":{"operationMetadataId":"1c353cb2-6a13-43de-8625-7fde263f164c"},"type":"AppendToStringVariable","inputs":{"name":"ID_Planner","value":"@outputs('Create_a_task_2')?['body/id']"}}}}},"default":{"actions":{}},"expression":"@items('For_each')?['OData__x0e1a__x0e23__x0e34__x0e29__x0e/Value']","metadata":{"operationMetadataId":"d08b51b7-0839-4279-aee1-97f31bc253ab"},"type":"Switch"},"For_each_1":{"foreach":"@outputs('Get_items_2')?['body/value']","actions":{"Append_to_string_variable_3":{"runAfter":{"Update_item_1":["Succeeded"]},"metadata":{"operationMetadataId":"5d69efbd-585a-470e-b398-d1883355d8a7"},"type":"AppendToStringVariable","inputs":{"name":"details_it","value":"@{concat(\r\n'รหัสสินค้า ', items('For_each_1')?['Title'], \r\n' ชื่อสินค้า ', items('For_each_1')?['OData__x0e0a__x0e37__x0e48__x0e2d__x0e'],\r\n' บาร์โค้ด ', items('For_each_1')?['OData__x0e1a__x0e32__x0e23__x0e4c__x0e'], \r\n' หน่วยนับ ', items('For_each_1')?['OData__x0e2b__x0e19__x0e48__x0e27__x0e'],\r\n' ราคาทั่วไป ', items('For_each_1')?['OData__x0e23__x0e32__x0e04__x0e32__x0e'], decodeUriComponent('%0A'))}\n"}},"Condition":{"actions":{"Append_to_array_variable":{"metadata":{"operationMetadataId":"d74b7ea0-d41c-4e9c-9676-4863c961af6f"},"type":"AppendToArrayVariable","inputs":{"name":"uniqueNames","value":"@outputs('Update_item_1')?['body/OData__x0e25__x0e07__x0e0a__x0e37__x0e']"}},"Append_to_array_variable_1":{"runAfter":{"Append_to_array_variable":["Succeeded"]},"metadata":{"operationMetadataId":"f2b57e7f-f2d1-48e4-bb55-7288a47d1aec"},"type":"AppendToArrayVariable","inputs":{"name":"IT_Email","value":"@outputs('Update_item_1')?['body/Email_IT']"}}},"runAfter":{"Compose_2":["Succeeded"]},"else":{"actions":{}},"expression":{"and":[{"not":{"contains":["@variables('uniqueNames')","@outputs('Update_item_1')?['body/OData__x0e25__x0e07__x0e0a__x0e37__x0e']"]}}]},"metadata":{"operationMetadataId":"ca5b4b12-d7d7-4ba2-92ac-fe42f381ee54"},"type":"If"},"Update_item_1":{"metadata":{"operationMetadataId":"640df1f1-d9b4-4998-a487-e5f9089b3b8b"},"type":"OpenApiConnection","inputs":{"parameters":{"dataset":"https://wellnessworldgroups.sharepoint.com/sites/AddProductDataCollectionProgram","table":"c8f7d8be-d562-49c1-831f-0944150f5a62","id":"@items('For_each_1')?['ID']","item/OData__x0e25__x0e07__x0e0a__x0e37__x0e":"@if(empty(items('For_each_1')?['OData__x0e25__x0e07__x0e0a__x0e37__x0e']), triggerBody()?['text_1'], items('For_each_1')?['OData__x0e25__x0e07__x0e0a__x0e37__x0e'])\r\n","item/Email_IT":"@if(empty(items('For_each_1')?['Email_IT']), triggerBody()?['text_2'],items('For_each_1')?['Email_IT'])\r\n","item/OData__x0e2a__x0e16__x0e32__x0e19__x0e/Value":"ส่งงานแล้ว"},"host":{"apiId":"/providers/Microsoft.PowerApps/apis/shared_sharepointonline","connectionName":"shared_sharepointonline","operationId":"PatchItem"},"authentication":{"value":"@json(decodeBase64(triggerOutputs().headers['X-MS-APIM-Tokens']))['$ConnectionKey']","type":"Raw"}}},"Compose_2":{"runAfter":{"Append_to_string_variable_3":["Succeeded"]},"type":"Compose","inputs":"@outputs('Update_item_1')?['body/OData__x0e25__x0e07__x0e0a__x0e37__x0e']"}},"runAfter":{"Switch":["Succeeded"]},"metadata":{"operationMetadataId":"773619d4-dae8-45f0-b72a-cf452c282914"},"type":"Foreach"},"Compose":{"runAfter":{"For_each_1":["Succeeded"]},"metadata":{"operationMetadataId":"719d5f98-d5b4-4d42-bf2c-311723523785"},"type":"Compose","inputs":"@join(variables('uniqueNames') , ',')"},"Compose_1":{"runAfter":{"Compose":["Succeeded"]},"metadata":{"operationMetadataId":"dabe8578-7ff0-4fb5-99a7-4ffb3b7c3e23"},"type":"Compose","inputs":"@join(variables('IT_Email') , ';')"},"Update_item":{"runAfter":{"Compose_1":["Succeeded"]},"metadata":{"operationMetadataId":"7e85aebc-4b93-4002-a2ed-226835ad73a4"},"type":"OpenApiConnection","inputs":{"parameters":{"dataset":"https://wellnessworldgroups.sharepoint.com/sites/AddProductDataCollectionProgram","table":"c1c695ec-2eaf-4ab5-b15f-536978079189","id":"@items('For_each')?['ID']","item/ID_Planner_Head":"@variables('ID_Planner')","item/OData__x0e40__x0e08__x0e49__x0e32__x0e":"@outputs('Compose')","item/OData__x0e2a__x0e16__x0e32__x0e19__x0e1/Value":"ดำเนินการแล้ว","item/OData__x0e27__x0e31__x0e19__x0e17__x0e1":"@formatDateTime(utcNow(), 'HH:mm:ss tt')","item/Time_IT":"@formatDateTime(convertTimeZone(utcNow(), 'UTC', 'SE Asia Standard Time'), 'hh:mm tt')"},"host":{"apiId":"/providers/Microsoft.PowerApps/apis/shared_sharepointonline","connectionName":"shared_sharepointonline","operationId":"PatchItem"},"authentication":{"value":"@json(decodeBase64(triggerOutputs().headers['X-MS-APIM-Tokens']))['$ConnectionKey']","type":"Raw"}}},"Get_attachment_content":{"runAfter":{"For_each_2":["Succeeded"]},"metadata":{"operationMetadataId":"c86d2c18-ca65-49e5-be92-a5ec43a32788"},"type":"OpenApiConnection","inputs":{"parameters":{"dataset":"https://wellnessworldgroups.sharepoint.com/sites/AddProductDataCollectionProgram","table":"c1c695ec-2eaf-4ab5-b15f-536978079189","itemId":"@items('For_each')?['ID']","attachmentId":"@variables('IDAttachments')"},"host":{"apiId":"/providers/Microsoft.PowerApps/apis/shared_sharepointonline","connectionName":"shared_sharepointonline","operationId":"GetAttachmentContent"},"authentication":{"value":"@json(decodeBase64(triggerOutputs().headers['X-MS-APIM-Tokens']))['$ConnectionKey']","type":"Raw"}}},"Get_attachments":{"runAfter":{"Update_item":["Succeeded"]},"metadata":{"operationMetadataId":"70b83fce-aa98-4cac-962a-bf124a230514"},"type":"OpenApiConnection","inputs":{"parameters":{"dataset":"https://wellnessworldgroups.sharepoint.com/sites/AddProductDataCollectionProgram","table":"c1c695ec-2eaf-4ab5-b15f-536978079189","itemId":"@items('For_each')?['ID']"},"host":{"apiId":"/providers/Microsoft.PowerApps/apis/shared_sharepointonline","connectionName":"shared_sharepointonline","operationId":"GetItemAttachments"},"authentication":{"value":"@json(decodeBase64(triggerOutputs().headers['X-MS-APIM-Tokens']))['$ConnectionKey']","type":"Raw"}}},"For_each_2":{"foreach":"@outputs('Get_attachments')?['body']","actions":{"Append_to_string_variable_4":{"metadata":{"operationMetadataId":"e6e7fb44-632b-49c2-b0db-ffea3c1e12b2"},"type":"AppendToStringVariable","inputs":{"name":"IDAttachments","value":"@items('For_each_2')?['Id']"}}},"runAfter":{"Get_attachments":["Succeeded"]},"metadata":{"operationMetadataId":"d34c0739-bf73-4856-970f-160ef9064d85"},"type":"Foreach"},"Update_task_details":{"runAfter":{"Get_attachment_content":["Succeeded","Failed"],"For_each_2":["Succeeded"]},"metadata":{"operationMetadataId":"46be64bf-5220-4427-a49b-b00c97d63ca8"},"type":"OpenApiConnection","inputs":{"parameters":{"id":"@variables('ID_Planner')","body/description":"หมายเลขเอกสาร @{items('For_each')?['OData__x0e2b__x0e21__x0e32__x0e22__x0e']}\nตำแหน่ง : @{items('For_each')?['OData__x0e15__x0e33__x0e41__x0e2b__x0e']}\nแผนก : @{items('For_each')?['OData__x0e41__x0e1c__x0e19__x0e01_']}\nบริษัท : @{items('For_each')?['OData__x0e1a__x0e23__x0e34__x0e29__x0e/Value']}\nสาขา : @{items('For_each')?['OData__x0e2a__x0e32__x0e02__x0e32_']}\nชื่อสินค้า : @{items('For_each')?['OData__x0e0a__x0e37__x0e48__x0e2d__x0e']}\nประเภทสินค้า : @{items('For_each')?['OData__x0e1b__x0e23__x0e30__x0e40__x0e/Value']}\nประเภทหน่วยนับ : @{items('For_each')?['OData__x0e1b__x0e23__x0e30__x0e40__x0e0/Value']}\nเกณฑ์อายุสินค้า จำนวนวัน : @{items('For_each')?['OData__x0e40__x0e01__x0e13__x0e11__x0e']}\nวันผลิต : @{items('For_each')?['OData__x0e27__x0e31__x0e19__x0e1c__x0e/Value']}\nหน่วยต้นทุน ระบุ : @{items('For_each')?['OData__x0e2b__x0e19__x0e48__x0e27__x0e']}\nหน่วยยอดคงเหลือ ระบุ : @{items('For_each')?['OData__x0e2b__x0e19__x0e48__x0e27__x0e0']}\nสะสมแต้ม : @{items('For_each')?['OData__x0e2a__x0e30__x0e2a__x0e21__x0e/Value']}\nใช้ระบบหมดอายุ : @{items('For_each')?['OData__x0e43__x0e0a__x0e49__x0e23__x0e/Value']}\nหมวด : @{items('For_each')?['OData__x0e2b__x0e21__x0e27__x0e14_']}\nลำดับที่ 1 ระบุ @{coalesce(items('For_each')?['OData__x0e25__x0e33__x0e14__x0e31__x0e'], '  -  ')} ตัวตั้ง @{coalesce(items('For_each')?['OData__x0e25__x0e33__x0e14__x0e31__x0e0'], '  -  ')} ตัวหาร @{coalesce(items('For_each')?['OData__x0e25__x0e33__x0e14__x0e31__x0e1'], '  -  ')} อัตราส่วน @{coalesce(items('For_each')?['OData__x0e25__x0e33__x0e14__x0e31__x0e2'], '  -  ')}\nลำดับที่ 2 ระบุ @{coalesce(items('For_each')?['OData__x0e25__x0e33__x0e14__x0e31__x0e3'], '  -  ')} ตัวตั้ง @{coalesce(items('For_each')?['OData__x0e25__x0e33__x0e14__x0e31__x0e4'], '  -  ')} ตัวหาร @{coalesce(items('For_each')?['OData__x0e25__x0e33__x0e14__x0e31__x0e5'], '  -  ')} อัตราส่วน @{coalesce(items('For_each')?['OData__x0e25__x0e33__x0e14__x0e31__x0e6'], '  -  ')}\nลำดับที่ 3 ระบุ @{coalesce(items('For_each')?['OData__x0e25__x0e33__x0e14__x0e31__x0e7'], '  -  ')\r\n} ตัวตั้ง @{coalesce(items('For_each')?['OData__x0e25__x0e33__x0e14__x0e31__x0e8'], '  -  ')} ตัวหาร @{coalesce(items('For_each')?['OData__x0e25__x0e33__x0e14__x0e31__x0e9'], '  -  ')} อัตราส่วน @{coalesce(items('For_each')?['OData__x0e25__x0e33__x0e14__x0e31__x0e10'], '  -  ')}\nวันที่ส่งคำร้องขอ @{items('For_each')?['OData__x0e27__x0e31__x0e19__x0e17__x0e']}\nประเภทภาษี : @{items('For_each')?['OData__x0e1b__x0e23__x0e30__x0e40__x0e1/Value']}\nประเภทต้นทุน : @{items('For_each')?['OData__x0e1b__x0e23__x0e30__x0e40__x0e2/Value']}\nประเภทรายได้ : @{items('For_each')?['OData__x0e1b__x0e23__x0e30__x0e40__x0e3']}\nรหัสผังบัญชีสินค้า : @{items('For_each')?['OData__x0e23__x0e2b__x0e31__x0e2a__x0e']} รหัสผังบัญชีต้นทุน : @{items('For_each')?['OData__x0e23__x0e2b__x0e31__x0e2a__x0e0']}\nรหัสผังบัญชีรายได้ : @{items('For_each')?['OData__x0e23__x0e2b__x0e31__x0e2a__x0e1']} รหัสผังบัญชีรับคืน : @{items('For_each')?['OData__x0e23__x0e2b__x0e31__x0e2a__x0e2']}\nประเภทกลุ่มสินค้า : กลุ่มสินค้าหลัก @{items('For_each')?['OData__x0e01__x0e25__x0e38__x0e48__x0e']} กลุ่มสินค้าย่อย @{items('For_each')?['OData__x0e01__x0e25__x0e38__x0e48__x0e0']}\nวันที่ผูกผังบัญชี @{items('For_each')?['OData__x0e27__x0e31__x0e19__x0e17__x0e0']}\n\nแผนกเทคโนโลยีสารสนเทศ\n@{variables('details_it')}\n\nลงชื่อเจ้าหน้าที่ IT Support ที่ดำเนินงานทั้งหมด\n@{outputs('Compose')}\n\n\n"},"host":{"apiId":"/providers/Microsoft.PowerApps/apis/shared_planner","connectionName":"shared_planner-1","operationId":"UpdateTaskDetails_V2"},"authentication":{"value":"@json(decodeBase64(triggerOutputs().headers['X-MS-APIM-Tokens']))['$ConnectionKey']","type":"Raw"}}}},"runAfter":{"Get_items_2":["Succeeded"]},"metadata":{"operationMetadataId":"b760c99f-c7b8-45fe-a508-140b73780046"},"type":"Foreach"},"Initialize_variable":{"runAfter":{},"metadata":{"operationMetadataId":"2c1a62de-1d7a-427a-8f6a-64979f8c19d2"},"type":"InitializeVariable","inputs":{"variables":[{"name":"ID_Planner","type":"string"}]}},"Initialize_variable_1":{"runAfter":{"Initialize_variable":["Succeeded"]},"metadata":{"operationMetadataId":"d523ea86-80d6-4d21-b7de-0a2b52ba1003"},"type":"InitializeVariable","inputs":{"variables":[{"name":"details_it","type":"string"}]}},"Get_items_2":{"runAfter":{"Get_items":["Succeeded"]},"metadata":{"operationMetadataId":"918b0656-5562-47a7-9d75-5146081231e4"},"type":"OpenApiConnection","inputs":{"parameters":{"dataset":"https://wellnessworldgroups.sharepoint.com/sites/AddProductDataCollectionProgram","table":"c8f7d8be-d562-49c1-831f-0944150f5a62","$filter":"OData__x0e2b__x0e21__x0e32__x0e22__x0e eq '@{triggerBody()['text']}'"},"host":{"apiId":"/providers/Microsoft.PowerApps/apis/shared_sharepointonline","connectionName":"shared_sharepointonline","operationId":"GetItems"},"authentication":{"value":"@json(decodeBase64(triggerOutputs().headers['X-MS-APIM-Tokens']))['$ConnectionKey']","type":"Raw"}}},"Initialize_variable_2":{"runAfter":{"Initialize_variable_1":["Succeeded"]},"metadata":{"operationMetadataId":"183a4d03-0db8-4c41-89a2-82da2f748e91"},"type":"InitializeVariable","inputs":{"variables":[{"name":"uniqueNames","type":"array","value":[]}]}},"Initialize_variable_3":{"runAfter":{"Initialize_variable_2":["Succeeded"]},"metadata":{"operationMetadataId":"50204e8b-5b17-41bc-b27a-dba38f030186"},"type":"InitializeVariable","inputs":{"variables":[{"name":"IT_Email","type":"array","value":[]}]}},"Initialize_variable_4":{"runAfter":{"Initialize_variable_3":["Succeeded"]},"metadata":{"operationMetadataId":"e0beb72c-e4eb-45c2-ad93-8f1927d19290"},"type":"InitializeVariable","inputs":{"variables":[{"name":"IDAttachments","type":"string"}]}},"Initialize_variable_5":{"runAfter":{"Initialize_variable_4":["Succeeded"]},"metadata":{"operationMetadataId":"645fd857-a9e0-41fc-a10d-ffc4a706d840"},"type":"InitializeVariable","inputs":{"variables":[{"name":"Collect_Points","type":"string"}]}},"Initialize_variable_6":{"runAfter":{"Initialize_variable_5":["Succeeded"]},"metadata":{"operationMetadataId":"b1f61632-80d7-4feb-a6db-327d93dd2f04"},"type":"InitializeVariable","inputs":{"variables":[{"name":"Use_Expires_System","type":"string"}]}},"Initialize_variable_7":{"runAfter":{"Initialize_variable_6":["Succeeded"]},"metadata":{"operationMetadataId":"62ec5241-fa7e-45d6-9dea-e86597024bd7"},"type":"InitializeVariable","inputs":{"variables":[{"name":"Product_Service_Property_Details","type":"string"}]}},"Initialize_variable_8":{"runAfter":{"Initialize_variable_7":["Succeeded"]},"metadata":{"operationMetadataId":"df988635-9791-4fd0-aa7d-ea419dedc821"},"type":"InitializeVariable","inputs":{"variables":[{"name":"Create_file _ID","type":"string"}]}},"Initialize_variable_9":{"runAfter":{"Initialize_variable_8":["Succeeded"]},"type":"InitializeVariable","inputs":{"variables":[{"name":"Name of IT Department Head","type":"string"}]}}}},"connectionReferences":{"shared_sharepointonline":{"connectionName":"shared-sharepointonl-2833b431-84c8-4662-a152-bb6efd016269","source":"Invoker","id":"/providers/Microsoft.PowerApps/apis/shared_sharepointonline","tier":"NotSpecified","apiName":"sharepointonline","isProcessSimpleApiReferenceConversionAlreadyDone":false},"shared_planner":{"connectionName":"shared-planner-2cce0212-4169-4638-ac76-aa06052bb5dd","source":"Invoker","id":"/providers/Microsoft.PowerApps/apis/shared_planner","tier":"NotSpecified","apiName":"planner","isProcessSimpleApiReferenceConversionAlreadyDone":false},"shared_planner-1":{"connectionName":"shared-planner-1ec8a146-b959-418c-8d3c-182ee0ed27d2","source":"Invoker","id":"/providers/Microsoft.PowerApps/apis/shared_planner","tier":"NotSpecified","apiName":"planner","isProcessSimpleApiReferenceConversionAlreadyDone":false}},"flowFailureAlertSubscribed":false,"isManaged":false}}