{"name":"7a3ea02c-408a-41bd-b6a0-357467281c40","id":"/providers/Microsoft.Flow/flows/7a3ea02c-408a-41bd-b6a0-357467281c40","type":"Microsoft.Flow/flows","properties":{"apiId":"/providers/Microsoft.PowerApps/apis/shared_logicflows","displayName":"Delete_Planner","definition":{"metadata":{"workflowEntityId":null,"processAdvisorMetadata":null,"flowChargedByPaygo":null,"flowclientsuspensionreason":"None","flowclientsuspensiontime":null,"flowclientsuspensionreasondetails":null,"creator":{"id":"1942d505-0a99-4dc5-813e-e483070231b2","type":"User","tenantId":"5bfdde84-8d23-47bd-a6ef-68c9b70b445c"},"provisioningMethod":"FromDefinition","failureAlertSubscription":true,"clientLastModifiedTime":"2025-11-18T03:56:25.1174681Z","connectionKeySavedTimeKey":"2026-01-19T00:26:02.8030393Z","creationSource":"PowerappsPpux","modifiedSources":"PowerappsPpux;Portal"},"$schema":"https://schema.management.azure.com/providers/Microsoft.Logic/schemas/2016-06-01/workflowdefinition.json#","contentVersion":"1.0.0.0","parameters":{"$authentication":{"defaultValue":{},"type":"SecureObject"},"$connections":{"defaultValue":{},"type":"Object"}},"triggers":{"manual":{"metadata":{"operationMetadataId":"5522dcda-304b-4335-a875-bd388de22aa9"},"type":"Request","kind":"PowerAppV2","inputs":{"schema":{"type":"object","properties":{"text":{"title":"ID_Product","type":"string","x-ms-dynamically-added":true,"description":"Please enter your input","x-ms-content-hint":"TEXT"}},"required":["text"]}}}},"actions":{"Get_items":{"runAfter":{},"metadata":{"operationMetadataId":"13404fcc-57ec-4dd1-b523-09c7d37cdc5a"},"type":"OpenApiConnection","inputs":{"parameters":{"dataset":"https://wellnessworldgroups.sharepoint.com/sites/AddProductDataCollectionProgram","table":"c1c695ec-2eaf-4ab5-b15f-536978079189","$filter":"OData__x0e2b__x0e21__x0e32__x0e22__x0e eq '@{triggerBody()['text']}'"},"host":{"apiId":"/providers/Microsoft.PowerApps/apis/shared_sharepointonline","connectionName":"shared_sharepointonline","operationId":"GetItems"},"authentication":{"value":"@json(decodeBase64(triggerOutputs().headers['X-MS-APIM-Tokens']))['$ConnectionKey']","type":"Raw"}}},"Apply_to_each":{"foreach":"@outputs('Get_items')?['body/value']","actions":{"Delete_a_task":{"metadata":{"operationMetadataId":"c9bf63ed-d499-4ea6-8b31-873b40c8d1e2"},"type":"OpenApiConnection","inputs":{"parameters":{"id":"@items('Apply_to_each')?['ID_Planner']"},"host":{"apiId":"/providers/Microsoft.PowerApps/apis/shared_planner","connectionName":"shared_planner","operationId":"DeleteTask"},"authentication":{"value":"@json(decodeBase64(triggerOutputs().headers['X-MS-APIM-Tokens']))['$ConnectionKey']","type":"Raw"}}}},"runAfter":{"Get_items":["Succeeded"]},"metadata":{"operationMetadataId":"616da300-9425-4470-9487-a9f1771f5c35"},"type":"Foreach"}}},"connectionReferences":{"shared_planner":{"connectionName":"shared-planner-e9cd73e4-8d54-462d-a822-9ee708c84207","source":"Invoker","id":"/providers/Microsoft.PowerApps/apis/shared_planner","tier":"NotSpecified","apiName":"planner","isProcessSimpleApiReferenceConversionAlreadyDone":false},"shared_sharepointonline":{"connectionName":"shared-sharepointonl-2833b431-84c8-4662-a152-bb6efd016269","source":"Invoker","id":"/providers/Microsoft.PowerApps/apis/shared_sharepointonline","tier":"NotSpecified","apiName":"sharepointonline","isProcessSimpleApiReferenceConversionAlreadyDone":false}},"flowFailureAlertSubscribed":false,"isManaged":false}}